ISO-10303-21;
HEADER;
/* Generated by software containing ST-Developer
 * from STEP Tools, Inc. (www.steptools.com) 
 */

FILE_DESCRIPTION(
/* description */ (''),
/* implementation_level */ '2;1');

FILE_NAME(
/* name */ 'merope_tray_mount_case.step',
/* time_stamp */ '2026-08-28T10:44:48-07:00',
/* author */ (''),
/* organization */ (''),
/* preprocessor_version */ 'ST-DEVELOPER v20.1',
/* originating_system */ 'Autodesk Translation Framework v15.8.0.0',
/* authorisation */ '');

FILE_SCHEMA (('AUTOMOTIVE_DESIGN { 1 0 10303 214 3 1 1 }'));
ENDSEC;

DATA;
#10=MECHANICAL_DESIGN_GEOMETRIC_PRESENTATION_REPRESENTATION('',(#13,#14),
#3834);
#11=SHAPE_REPRESENTATION_RELATIONSHIP('SRR','None',#3841,#12);
#12=ADVANCED_BREP_SHAPE_REPRESENTATION('',(#15,#16),#3833);
#13=STYLED_ITEM('',(#3850),#15);
#14=STYLED_ITEM('',(#3850),#16);
#15=MANIFOLD_SOLID_BREP('Case',#2339);
#16=MANIFOLD_SOLID_BREP('Case_Right',#2340);
#17=FACE_BOUND('',#742,.T.);
#18=FACE_BOUND('',#744,.T.);
#19=FACE_BOUND('',#745,.T.);
#20=FACE_BOUND('',#746,.T.);
#21=FACE_BOUND('',#747,.T.);
#22=FACE_BOUND('',#751,.T.);
#23=FACE_BOUND('',#755,.T.);
#24=FACE_BOUND('',#759,.T.);
#25=FACE_BOUND('',#766,.T.);
#26=FACE_BOUND('',#809,.T.);
#27=FACE_BOUND('',#813,.T.);
#28=FACE_BOUND('',#821,.T.);
#29=FACE_BOUND('',#823,.T.);
#30=FACE_BOUND('',#824,.T.);
#31=FACE_BOUND('',#825,.T.);
#32=FACE_BOUND('',#826,.T.);
#33=FACE_BOUND('',#830,.T.);
#34=FACE_BOUND('',#834,.T.);
#35=FACE_BOUND('',#838,.T.);
#36=FACE_BOUND('',#845,.T.);
#37=FACE_BOUND('',#888,.T.);
#38=FACE_BOUND('',#892,.T.);
#39=LINE('',#3192,#307);
#40=LINE('',#3197,#308);
#41=LINE('',#3203,#309);
#42=LINE('',#3205,#310);
#43=LINE('',#3207,#311);
#44=LINE('',#3209,#312);
#45=LINE('',#3211,#313);
#46=LINE('',#3213,#314);
#47=LINE('',#3215,#315);
#48=LINE('',#3217,#316);
#49=LINE('',#3218,#317);
#50=LINE('',#3228,#318);
#51=LINE('',#3232,#319);
#52=LINE('',#3237,#320);
#53=LINE('',#3241,#321);
#54=LINE('',#3246,#322);
#55=LINE('',#3250,#323);
#56=LINE('',#3255,#324);
#57=LINE('',#3257,#325);
#58=LINE('',#3259,#326);
#59=LINE('',#3260,#327);
#60=LINE('',#3263,#328);
#61=LINE('',#3265,#329);
#62=LINE('',#3267,#330);
#63=LINE('',#3269,#331);
#64=LINE('',#3271,#332);
#65=LINE('',#3273,#333);
#66=LINE('',#3275,#334);
#67=LINE('',#3277,#335);
#68=LINE('',#3279,#336);
#69=LINE('',#3281,#337);
#70=LINE('',#3283,#338);
#71=LINE('',#3285,#339);
#72=LINE('',#3286,#340);
#73=LINE('',#3289,#341);
#74=LINE('',#3291,#342);
#75=LINE('',#3293,#343);
#76=LINE('',#3294,#344);
#77=LINE('',#3297,#345);
#78=LINE('',#3299,#346);
#79=LINE('',#3300,#347);
#80=LINE('',#3303,#348);
#81=LINE('',#3304,#349);
#82=LINE('',#3305,#350);
#83=LINE('',#3311,#351);
#84=LINE('',#3315,#352);
#85=LINE('',#3319,#353);
#86=LINE('',#3322,#354);
#87=LINE('',#3325,#355);
#88=LINE('',#3327,#356);
#89=LINE('',#3328,#357);
#90=LINE('',#3331,#358);
#91=LINE('',#3335,#359);
#92=LINE('',#3336,#360);
#93=LINE('',#3339,#361);
#94=LINE('',#3343,#362);
#95=LINE('',#3344,#363);
#96=LINE('',#3347,#364);
#97=LINE('',#3348,#365);
#98=LINE('',#3351,#366);
#99=LINE('',#3355,#367);
#100=LINE('',#3356,#368);
#101=LINE('',#3362,#369);
#102=LINE('',#3363,#370);
#103=LINE('',#3364,#371);
#104=LINE('',#3367,#372);
#105=LINE('',#3368,#373);
#106=LINE('',#3371,#374);
#107=LINE('',#3372,#375);
#108=LINE('',#3375,#376);
#109=LINE('',#3377,#377);
#110=LINE('',#3378,#378);
#111=LINE('',#3381,#379);
#112=LINE('',#3382,#380);
#113=LINE('',#3385,#381);
#114=LINE('',#3386,#382);
#115=LINE('',#3389,#383);
#116=LINE('',#3391,#384);
#117=LINE('',#3392,#385);
#118=LINE('',#3395,#386);
#119=LINE('',#3396,#387);
#120=LINE('',#3399,#388);
#121=LINE('',#3401,#389);
#122=LINE('',#3402,#390);
#123=LINE('',#3404,#391);
#124=LINE('',#3407,#392);
#125=LINE('',#3409,#393);
#126=LINE('',#3410,#394);
#127=LINE('',#3412,#395);
#128=LINE('',#3414,#396);
#129=LINE('',#3416,#397);
#130=LINE('',#3417,#398);
#131=LINE('',#3420,#399);
#132=LINE('',#3421,#400);
#133=LINE('',#3424,#401);
#134=LINE('',#3425,#402);
#135=LINE('',#3428,#403);
#136=LINE('',#3429,#404);
#137=LINE('',#3432,#405);
#138=LINE('',#3433,#406);
#139=LINE('',#3437,#407);
#140=LINE('',#3438,#408);
#141=LINE('',#3441,#409);
#142=LINE('',#3442,#410);
#143=LINE('',#3445,#411);
#144=LINE('',#3446,#412);
#145=LINE('',#3448,#413);
#146=LINE('',#3451,#414);
#147=LINE('',#3452,#415);
#148=LINE('',#3455,#416);
#149=LINE('',#3456,#417);
#150=LINE('',#3459,#418);
#151=LINE('',#3460,#419);
#152=LINE('',#3463,#420);
#153=LINE('',#3464,#421);
#154=LINE('',#3466,#422);
#155=LINE('',#3469,#423);
#156=LINE('',#3471,#424);
#157=LINE('',#3472,#425);
#158=LINE('',#3475,#426);
#159=LINE('',#3476,#427);
#160=LINE('',#3479,#428);
#161=LINE('',#3480,#429);
#162=LINE('',#3483,#430);
#163=LINE('',#3484,#431);
#164=LINE('',#3487,#432);
#165=LINE('',#3488,#433);
#166=LINE('',#3491,#434);
#167=LINE('',#3492,#435);
#168=LINE('',#3495,#436);
#169=LINE('',#3496,#437);
#170=LINE('',#3499,#438);
#171=LINE('',#3500,#439);
#172=LINE('',#3502,#440);
#173=LINE('',#3519,#441);
#174=LINE('',#3524,#442);
#175=LINE('',#3530,#443);
#176=LINE('',#3532,#444);
#177=LINE('',#3534,#445);
#178=LINE('',#3536,#446);
#179=LINE('',#3538,#447);
#180=LINE('',#3540,#448);
#181=LINE('',#3542,#449);
#182=LINE('',#3544,#450);
#183=LINE('',#3545,#451);
#184=LINE('',#3555,#452);
#185=LINE('',#3559,#453);
#186=LINE('',#3564,#454);
#187=LINE('',#3568,#455);
#188=LINE('',#3573,#456);
#189=LINE('',#3577,#457);
#190=LINE('',#3582,#458);
#191=LINE('',#3584,#459);
#192=LINE('',#3586,#460);
#193=LINE('',#3587,#461);
#194=LINE('',#3590,#462);
#195=LINE('',#3592,#463);
#196=LINE('',#3594,#464);
#197=LINE('',#3596,#465);
#198=LINE('',#3598,#466);
#199=LINE('',#3600,#467);
#200=LINE('',#3602,#468);
#201=LINE('',#3604,#469);
#202=LINE('',#3606,#470);
#203=LINE('',#3608,#471);
#204=LINE('',#3610,#472);
#205=LINE('',#3612,#473);
#206=LINE('',#3613,#474);
#207=LINE('',#3616,#475);
#208=LINE('',#3618,#476);
#209=LINE('',#3620,#477);
#210=LINE('',#3621,#478);
#211=LINE('',#3624,#479);
#212=LINE('',#3626,#480);
#213=LINE('',#3627,#481);
#214=LINE('',#3630,#482);
#215=LINE('',#3631,#483);
#216=LINE('',#3632,#484);
#217=LINE('',#3638,#485);
#218=LINE('',#3642,#486);
#219=LINE('',#3646,#487);
#220=LINE('',#3649,#488);
#221=LINE('',#3652,#489);
#222=LINE('',#3654,#490);
#223=LINE('',#3655,#491);
#224=LINE('',#3659,#492);
#225=LINE('',#3662,#493);
#226=LINE('',#3663,#494);
#227=LINE('',#3667,#495);
#228=LINE('',#3670,#496);
#229=LINE('',#3671,#497);
#230=LINE('',#3674,#498);
#231=LINE('',#3675,#499);
#232=LINE('',#3679,#500);
#233=LINE('',#3682,#501);
#234=LINE('',#3683,#502);
#235=LINE('',#3689,#503);
#236=LINE('',#3690,#504);
#237=LINE('',#3691,#505);
#238=LINE('',#3694,#506);
#239=LINE('',#3695,#507);
#240=LINE('',#3698,#508);
#241=LINE('',#3699,#509);
#242=LINE('',#3702,#510);
#243=LINE('',#3704,#511);
#244=LINE('',#3705,#512);
#245=LINE('',#3708,#513);
#246=LINE('',#3709,#514);
#247=LINE('',#3712,#515);
#248=LINE('',#3713,#516);
#249=LINE('',#3716,#517);
#250=LINE('',#3718,#518);
#251=LINE('',#3719,#519);
#252=LINE('',#3722,#520);
#253=LINE('',#3723,#521);
#254=LINE('',#3726,#522);
#255=LINE('',#3728,#523);
#256=LINE('',#3729,#524);
#257=LINE('',#3731,#525);
#258=LINE('',#3734,#526);
#259=LINE('',#3736,#527);
#260=LINE('',#3737,#528);
#261=LINE('',#3740,#529);
#262=LINE('',#3742,#530);
#263=LINE('',#3743,#531);
#264=LINE('',#3744,#532);
#265=LINE('',#3747,#533);
#266=LINE('',#3748,#534);
#267=LINE('',#3751,#535);
#268=LINE('',#3752,#536);
#269=LINE('',#3755,#537);
#270=LINE('',#3756,#538);
#271=LINE('',#3759,#539);
#272=LINE('',#3760,#540);
#273=LINE('',#3764,#541);
#274=LINE('',#3765,#542);
#275=LINE('',#3768,#543);
#276=LINE('',#3769,#544);
#277=LINE('',#3772,#545);
#278=LINE('',#3773,#546);
#279=LINE('',#3775,#547);
#280=LINE('',#3778,#548);
#281=LINE('',#3779,#549);
#282=LINE('',#3782,#550);
#283=LINE('',#3783,#551);
#284=LINE('',#3786,#552);
#285=LINE('',#3787,#553);
#286=LINE('',#3790,#554);
#287=LINE('',#3791,#555);
#288=LINE('',#3793,#556);
#289=LINE('',#3796,#557);
#290=LINE('',#3798,#558);
#291=LINE('',#3799,#559);
#292=LINE('',#3802,#560);
#293=LINE('',#3803,#561);
#294=LINE('',#3806,#562);
#295=LINE('',#3807,#563);
#296=LINE('',#3810,#564);
#297=LINE('',#3811,#565);
#298=LINE('',#3814,#566);
#299=LINE('',#3815,#567);
#300=LINE('',#3818,#568);
#301=LINE('',#3819,#569);
#302=LINE('',#3822,#570);
#303=LINE('',#3823,#571);
#304=LINE('',#3826,#572);
#305=LINE('',#3827,#573);
#306=LINE('',#3829,#574);
#307=VECTOR('',#2560,1.6);
#308=VECTOR('',#2565,2.5);
#309=VECTOR('',#2572,10.);
#310=VECTOR('',#2573,10.);
#311=VECTOR('',#2574,10.);
#312=VECTOR('',#2575,10.);
#313=VECTOR('',#2576,10.);
#314=VECTOR('',#2577,10.);
#315=VECTOR('',#2578,10.);
#316=VECTOR('',#2579,10.);
#317=VECTOR('',#2580,10.);
#318=VECTOR('',#2591,1.6);
#319=VECTOR('',#2596,2.5);
#320=VECTOR('',#2603,1.6);
#321=VECTOR('',#2608,2.5);
#322=VECTOR('',#2615,1.6);
#323=VECTOR('',#2620,2.5);
#324=VECTOR('',#2625,10.);
#325=VECTOR('',#2626,10.);
#326=VECTOR('',#2627,10.);
#327=VECTOR('',#2628,10.);
#328=VECTOR('',#2631,10.);
#329=VECTOR('',#2632,10.);
#330=VECTOR('',#2633,10.);
#331=VECTOR('',#2634,10.);
#332=VECTOR('',#2635,10.);
#333=VECTOR('',#2636,10.);
#334=VECTOR('',#2637,10.);
#335=VECTOR('',#2638,10.);
#336=VECTOR('',#2639,10.);
#337=VECTOR('',#2640,10.);
#338=VECTOR('',#2641,10.);
#339=VECTOR('',#2642,10.);
#340=VECTOR('',#2643,10.);
#341=VECTOR('',#2646,10.);
#342=VECTOR('',#2647,10.);
#343=VECTOR('',#2648,10.);
#344=VECTOR('',#2649,10.);
#345=VECTOR('',#2652,10.);
#346=VECTOR('',#2653,10.);
#347=VECTOR('',#2654,10.);
#348=VECTOR('',#2657,10.);
#349=VECTOR('',#2658,10.);
#350=VECTOR('',#2659,10.);
#351=VECTOR('',#2664,10.);
#352=VECTOR('',#2667,10.);
#353=VECTOR('',#2670,10.);
#354=VECTOR('',#2673,10.);
#355=VECTOR('',#2676,10.);
#356=VECTOR('',#2677,10.);
#357=VECTOR('',#2678,10.);
#358=VECTOR('',#2681,10.);
#359=VECTOR('',#2686,10.);
#360=VECTOR('',#2687,10.);
#361=VECTOR('',#2690,10.);
#362=VECTOR('',#2695,10.);
#363=VECTOR('',#2696,10.);
#364=VECTOR('',#2699,10.);
#365=VECTOR('',#2700,10.);
#366=VECTOR('',#2703,10.);
#367=VECTOR('',#2708,10.);
#368=VECTOR('',#2709,10.);
#369=VECTOR('',#2716,10.);
#370=VECTOR('',#2717,10.);
#371=VECTOR('',#2718,10.);
#372=VECTOR('',#2721,10.);
#373=VECTOR('',#2722,10.);
#374=VECTOR('',#2725,10.);
#375=VECTOR('',#2726,10.);
#376=VECTOR('',#2729,10.);
#377=VECTOR('',#2730,10.);
#378=VECTOR('',#2731,10.);
#379=VECTOR('',#2734,10.);
#380=VECTOR('',#2735,10.);
#381=VECTOR('',#2738,10.);
#382=VECTOR('',#2739,10.);
#383=VECTOR('',#2742,10.);
#384=VECTOR('',#2743,10.);
#385=VECTOR('',#2744,10.);
#386=VECTOR('',#2747,10.);
#387=VECTOR('',#2748,10.);
#388=VECTOR('',#2751,10.);
#389=VECTOR('',#2752,10.);
#390=VECTOR('',#2753,10.);
#391=VECTOR('',#2756,10.);
#392=VECTOR('',#2759,10.);
#393=VECTOR('',#2760,10.);
#394=VECTOR('',#2761,10.);
#395=VECTOR('',#2764,10.);
#396=VECTOR('',#2765,10.);
#397=VECTOR('',#2766,10.);
#398=VECTOR('',#2767,10.);
#399=VECTOR('',#2770,10.);
#400=VECTOR('',#2771,10.);
#401=VECTOR('',#2774,10.);
#402=VECTOR('',#2775,10.);
#403=VECTOR('',#2778,10.);
#404=VECTOR('',#2779,10.);
#405=VECTOR('',#2782,10.);
#406=VECTOR('',#2783,10.);
#407=VECTOR('',#2788,10.);
#408=VECTOR('',#2789,10.);
#409=VECTOR('',#2792,10.);
#410=VECTOR('',#2793,10.);
#411=VECTOR('',#2796,10.);
#412=VECTOR('',#2797,10.);
#413=VECTOR('',#2800,10.);
#414=VECTOR('',#2803,10.);
#415=VECTOR('',#2804,10.);
#416=VECTOR('',#2807,10.);
#417=VECTOR('',#2808,10.);
#418=VECTOR('',#2811,10.);
#419=VECTOR('',#2812,10.);
#420=VECTOR('',#2815,10.);
#421=VECTOR('',#2816,10.);
#422=VECTOR('',#2819,10.);
#423=VECTOR('',#2822,10.);
#424=VECTOR('',#2823,10.);
#425=VECTOR('',#2824,10.);
#426=VECTOR('',#2827,10.);
#427=VECTOR('',#2828,10.);
#428=VECTOR('',#2831,10.);
#429=VECTOR('',#2832,10.);
#430=VECTOR('',#2835,10.);
#431=VECTOR('',#2836,10.);
#432=VECTOR('',#2839,10.);
#433=VECTOR('',#2840,10.);
#434=VECTOR('',#2843,10.);
#435=VECTOR('',#2844,10.);
#436=VECTOR('',#2847,10.);
#437=VECTOR('',#2848,10.);
#438=VECTOR('',#2851,10.);
#439=VECTOR('',#2852,10.);
#440=VECTOR('',#2855,10.);
#441=VECTOR('',#2878,1.6);
#442=VECTOR('',#2883,2.5);
#443=VECTOR('',#2890,10.);
#444=VECTOR('',#2891,10.);
#445=VECTOR('',#2892,10.);
#446=VECTOR('',#2893,10.);
#447=VECTOR('',#2894,10.);
#448=VECTOR('',#2895,10.);
#449=VECTOR('',#2896,10.);
#450=VECTOR('',#2897,10.);
#451=VECTOR('',#2898,10.);
#452=VECTOR('',#2909,1.6);
#453=VECTOR('',#2914,2.5);
#454=VECTOR('',#2921,1.6);
#455=VECTOR('',#2926,2.5);
#456=VECTOR('',#2933,1.6);
#457=VECTOR('',#2938,2.5);
#458=VECTOR('',#2943,10.);
#459=VECTOR('',#2944,10.);
#460=VECTOR('',#2945,10.);
#461=VECTOR('',#2946,10.);
#462=VECTOR('',#2949,10.);
#463=VECTOR('',#2950,10.);
#464=VECTOR('',#2951,10.);
#465=VECTOR('',#2952,10.);
#466=VECTOR('',#2953,10.);
#467=VECTOR('',#2954,10.);
#468=VECTOR('',#2955,10.);
#469=VECTOR('',#2956,10.);
#470=VECTOR('',#2957,10.);
#471=VECTOR('',#2958,10.);
#472=VECTOR('',#2959,10.);
#473=VECTOR('',#2960,10.);
#474=VECTOR('',#2961,10.);
#475=VECTOR('',#2964,10.);
#476=VECTOR('',#2965,10.);
#477=VECTOR('',#2966,10.);
#478=VECTOR('',#2967,10.);
#479=VECTOR('',#2970,10.);
#480=VECTOR('',#2971,10.);
#481=VECTOR('',#2972,10.);
#482=VECTOR('',#2975,10.);
#483=VECTOR('',#2976,10.);
#484=VECTOR('',#2977,10.);
#485=VECTOR('',#2982,10.);
#486=VECTOR('',#2985,10.);
#487=VECTOR('',#2988,10.);
#488=VECTOR('',#2991,10.);
#489=VECTOR('',#2994,10.);
#490=VECTOR('',#2995,10.);
#491=VECTOR('',#2996,10.);
#492=VECTOR('',#3001,10.);
#493=VECTOR('',#3004,10.);
#494=VECTOR('',#3005,10.);
#495=VECTOR('',#3010,10.);
#496=VECTOR('',#3013,10.);
#497=VECTOR('',#3014,10.);
#498=VECTOR('',#3017,10.);
#499=VECTOR('',#3018,10.);
#500=VECTOR('',#3023,10.);
#501=VECTOR('',#3026,10.);
#502=VECTOR('',#3027,10.);
#503=VECTOR('',#3034,10.);
#504=VECTOR('',#3035,10.);
#505=VECTOR('',#3036,10.);
#506=VECTOR('',#3039,10.);
#507=VECTOR('',#3040,10.);
#508=VECTOR('',#3043,10.);
#509=VECTOR('',#3044,10.);
#510=VECTOR('',#3047,10.);
#511=VECTOR('',#3048,10.);
#512=VECTOR('',#3049,10.);
#513=VECTOR('',#3052,10.);
#514=VECTOR('',#3053,10.);
#515=VECTOR('',#3056,10.);
#516=VECTOR('',#3057,10.);
#517=VECTOR('',#3060,10.);
#518=VECTOR('',#3061,10.);
#519=VECTOR('',#3062,10.);
#520=VECTOR('',#3065,10.);
#521=VECTOR('',#3066,10.);
#522=VECTOR('',#3069,10.);
#523=VECTOR('',#3070,10.);
#524=VECTOR('',#3071,10.);
#525=VECTOR('',#3074,10.);
#526=VECTOR('',#3077,10.);
#527=VECTOR('',#3078,10.);
#528=VECTOR('',#3079,10.);
#529=VECTOR('',#3082,10.);
#530=VECTOR('',#3083,10.);
#531=VECTOR('',#3084,10.);
#532=VECTOR('',#3085,10.);
#533=VECTOR('',#3088,10.);
#534=VECTOR('',#3089,10.);
#535=VECTOR('',#3092,10.);
#536=VECTOR('',#3093,10.);
#537=VECTOR('',#3096,10.);
#538=VECTOR('',#3097,10.);
#539=VECTOR('',#3100,10.);
#540=VECTOR('',#3101,10.);
#541=VECTOR('',#3106,10.);
#542=VECTOR('',#3107,10.);
#543=VECTOR('',#3110,10.);
#544=VECTOR('',#3111,10.);
#545=VECTOR('',#3114,10.);
#546=VECTOR('',#3115,10.);
#547=VECTOR('',#3118,10.);
#548=VECTOR('',#3121,10.);
#549=VECTOR('',#3122,10.);
#550=VECTOR('',#3125,10.);
#551=VECTOR('',#3126,10.);
#552=VECTOR('',#3129,10.);
#553=VECTOR('',#3130,10.);
#554=VECTOR('',#3133,10.);
#555=VECTOR('',#3134,10.);
#556=VECTOR('',#3137,10.);
#557=VECTOR('',#3140,10.);
#558=VECTOR('',#3141,10.);
#559=VECTOR('',#3142,10.);
#560=VECTOR('',#3145,10.);
#561=VECTOR('',#3146,10.);
#562=VECTOR('',#3149,10.);
#563=VECTOR('',#3150,10.);
#564=VECTOR('',#3153,10.);
#565=VECTOR('',#3154,10.);
#566=VECTOR('',#3157,10.);
#567=VECTOR('',#3158,10.);
#568=VECTOR('',#3161,10.);
#569=VECTOR('',#3162,10.);
#570=VECTOR('',#3165,10.);
#571=VECTOR('',#3166,10.);
#572=VECTOR('',#3169,10.);
#573=VECTOR('',#3170,10.);
#574=VECTOR('',#3173,10.);
#575=CYLINDRICAL_SURFACE('',#2362,1.6);
#576=CYLINDRICAL_SURFACE('',#2364,2.5);
#577=CYLINDRICAL_SURFACE('',#2372,1.6);
#578=CYLINDRICAL_SURFACE('',#2374,2.5);
#579=CYLINDRICAL_SURFACE('',#2377,1.6);
#580=CYLINDRICAL_SURFACE('',#2379,2.5);
#581=CYLINDRICAL_SURFACE('',#2382,1.6);
#582=CYLINDRICAL_SURFACE('',#2384,2.5);
#583=CYLINDRICAL_SURFACE('',#2398,1.00000000000001);
#584=CYLINDRICAL_SURFACE('',#2401,1.00000000000001);
#585=CYLINDRICAL_SURFACE('',#2405,1.00000000000001);
#586=CYLINDRICAL_SURFACE('',#2408,1.00000000000001);
#587=CYLINDRICAL_SURFACE('',#2454,1.6);
#588=CYLINDRICAL_SURFACE('',#2456,2.5);
#589=CYLINDRICAL_SURFACE('',#2464,1.6);
#590=CYLINDRICAL_SURFACE('',#2466,2.5);
#591=CYLINDRICAL_SURFACE('',#2469,1.6);
#592=CYLINDRICAL_SURFACE('',#2471,2.5);
#593=CYLINDRICAL_SURFACE('',#2474,1.6);
#594=CYLINDRICAL_SURFACE('',#2476,2.5);
#595=CYLINDRICAL_SURFACE('',#2490,1.00000000000001);
#596=CYLINDRICAL_SURFACE('',#2493,1.00000000000001);
#597=CYLINDRICAL_SURFACE('',#2497,1.00000000000001);
#598=CYLINDRICAL_SURFACE('',#2500,1.00000000000001);
#599=FACE_OUTER_BOUND('',#735,.T.);
#600=FACE_OUTER_BOUND('',#736,.T.);
#601=FACE_OUTER_BOUND('',#737,.T.);
#602=FACE_OUTER_BOUND('',#738,.T.);
#603=FACE_OUTER_BOUND('',#739,.T.);
#604=FACE_OUTER_BOUND('',#740,.T.);
#605=FACE_OUTER_BOUND('',#741,.T.);
#606=FACE_OUTER_BOUND('',#743,.T.);
#607=FACE_OUTER_BOUND('',#748,.T.);
#608=FACE_OUTER_BOUND('',#749,.T.);
#609=FACE_OUTER_BOUND('',#750,.T.);
#610=FACE_OUTER_BOUND('',#752,.T.);
#611=FACE_OUTER_BOUND('',#753,.T.);
#612=FACE_OUTER_BOUND('',#754,.T.);
#613=FACE_OUTER_BOUND('',#756,.T.);
#614=FACE_OUTER_BOUND('',#757,.T.);
#615=FACE_OUTER_BOUND('',#758,.T.);
#616=FACE_OUTER_BOUND('',#760,.T.);
#617=FACE_OUTER_BOUND('',#761,.T.);
#618=FACE_OUTER_BOUND('',#762,.T.);
#619=FACE_OUTER_BOUND('',#763,.T.);
#620=FACE_OUTER_BOUND('',#764,.T.);
#621=FACE_OUTER_BOUND('',#765,.T.);
#622=FACE_OUTER_BOUND('',#767,.T.);
#623=FACE_OUTER_BOUND('',#768,.T.);
#624=FACE_OUTER_BOUND('',#769,.T.);
#625=FACE_OUTER_BOUND('',#770,.T.);
#626=FACE_OUTER_BOUND('',#771,.T.);
#627=FACE_OUTER_BOUND('',#772,.T.);
#628=FACE_OUTER_BOUND('',#773,.T.);
#629=FACE_OUTER_BOUND('',#774,.T.);
#630=FACE_OUTER_BOUND('',#775,.T.);
#631=FACE_OUTER_BOUND('',#776,.T.);
#632=FACE_OUTER_BOUND('',#777,.T.);
#633=FACE_OUTER_BOUND('',#778,.T.);
#634=FACE_OUTER_BOUND('',#779,.T.);
#635=FACE_OUTER_BOUND('',#780,.T.);
#636=FACE_OUTER_BOUND('',#781,.T.);
#637=FACE_OUTER_BOUND('',#782,.T.);
#638=FACE_OUTER_BOUND('',#783,.T.);
#639=FACE_OUTER_BOUND('',#784,.T.);
#640=FACE_OUTER_BOUND('',#785,.T.);
#641=FACE_OUTER_BOUND('',#786,.T.);
#642=FACE_OUTER_BOUND('',#787,.T.);
#643=FACE_OUTER_BOUND('',#788,.T.);
#644=FACE_OUTER_BOUND('',#789,.T.);
#645=FACE_OUTER_BOUND('',#790,.T.);
#646=FACE_OUTER_BOUND('',#791,.T.);
#647=FACE_OUTER_BOUND('',#792,.T.);
#648=FACE_OUTER_BOUND('',#793,.T.);
#649=FACE_OUTER_BOUND('',#794,.T.);
#650=FACE_OUTER_BOUND('',#795,.T.);
#651=FACE_OUTER_BOUND('',#796,.T.);
#652=FACE_OUTER_BOUND('',#797,.T.);
#653=FACE_OUTER_BOUND('',#798,.T.);
#654=FACE_OUTER_BOUND('',#799,.T.);
#655=FACE_OUTER_BOUND('',#800,.T.);
#656=FACE_OUTER_BOUND('',#801,.T.);
#657=FACE_OUTER_BOUND('',#802,.T.);
#658=FACE_OUTER_BOUND('',#803,.T.);
#659=FACE_OUTER_BOUND('',#804,.T.);
#660=FACE_OUTER_BOUND('',#805,.T.);
#661=FACE_OUTER_BOUND('',#806,.T.);
#662=FACE_OUTER_BOUND('',#807,.T.);
#663=FACE_OUTER_BOUND('',#808,.T.);
#664=FACE_OUTER_BOUND('',#810,.T.);
#665=FACE_OUTER_BOUND('',#811,.T.);
#666=FACE_OUTER_BOUND('',#812,.T.);
#667=FACE_OUTER_BOUND('',#814,.T.);
#668=FACE_OUTER_BOUND('',#815,.T.);
#669=FACE_OUTER_BOUND('',#816,.T.);
#670=FACE_OUTER_BOUND('',#817,.T.);
#671=FACE_OUTER_BOUND('',#818,.T.);
#672=FACE_OUTER_BOUND('',#819,.T.);
#673=FACE_OUTER_BOUND('',#820,.T.);
#674=FACE_OUTER_BOUND('',#822,.T.);
#675=FACE_OUTER_BOUND('',#827,.T.);
#676=FACE_OUTER_BOUND('',#828,.T.);
#677=FACE_OUTER_BOUND('',#829,.T.);
#678=FACE_OUTER_BOUND('',#831,.T.);
#679=FACE_OUTER_BOUND('',#832,.T.);
#680=FACE_OUTER_BOUND('',#833,.T.);
#681=FACE_OUTER_BOUND('',#835,.T.);
#682=FACE_OUTER_BOUND('',#836,.T.);
#683=FACE_OUTER_BOUND('',#837,.T.);
#684=FACE_OUTER_BOUND('',#839,.T.);
#685=FACE_OUTER_BOUND('',#840,.T.);
#686=FACE_OUTER_BOUND('',#841,.T.);
#687=FACE_OUTER_BOUND('',#842,.T.);
#688=FACE_OUTER_BOUND('',#843,.T.);
#689=FACE_OUTER_BOUND('',#844,.T.);
#690=FACE_OUTER_BOUND('',#846,.T.);
#691=FACE_OUTER_BOUND('',#847,.T.);
#692=FACE_OUTER_BOUND('',#848,.T.);
#693=FACE_OUTER_BOUND('',#849,.T.);
#694=FACE_OUTER_BOUND('',#850,.T.);
#695=FACE_OUTER_BOUND('',#851,.T.);
#696=FACE_OUTER_BOUND('',#852,.T.);
#697=FACE_OUTER_BOUND('',#853,.T.);
#698=FACE_OUTER_BOUND('',#854,.T.);
#699=FACE_OUTER_BOUND('',#855,.T.);
#700=FACE_OUTER_BOUND('',#856,.T.);
#701=FACE_OUTER_BOUND('',#857,.T.);
#702=FACE_OUTER_BOUND('',#858,.T.);
#703=FACE_OUTER_BOUND('',#859,.T.);
#704=FACE_OUTER_BOUND('',#860,.T.);
#705=FACE_OUTER_BOUND('',#861,.T.);
#706=FACE_OUTER_BOUND('',#862,.T.);
#707=FACE_OUTER_BOUND('',#863,.T.);
#708=FACE_OUTER_BOUND('',#864,.T.);
#709=FACE_OUTER_BOUND('',#865,.T.);
#710=FACE_OUTER_BOUND('',#866,.T.);
#711=FACE_OUTER_BOUND('',#867,.T.);
#712=FACE_OUTER_BOUND('',#868,.T.);
#713=FACE_OUTER_BOUND('',#869,.T.);
#714=FACE_OUTER_BOUND('',#870,.T.);
#715=FACE_OUTER_BOUND('',#871,.T.);
#716=FACE_OUTER_BOUND('',#872,.T.);
#717=FACE_OUTER_BOUND('',#873,.T.);
#718=FACE_OUTER_BOUND('',#874,.T.);
#719=FACE_OUTER_BOUND('',#875,.T.);
#720=FACE_OUTER_BOUND('',#876,.T.);
#721=FACE_OUTER_BOUND('',#877,.T.);
#722=FACE_OUTER_BOUND('',#878,.T.);
#723=FACE_OUTER_BOUND('',#879,.T.);
#724=FACE_OUTER_BOUND('',#880,.T.);
#725=FACE_OUTER_BOUND('',#881,.T.);
#726=FACE_OUTER_BOUND('',#882,.T.);
#727=FACE_OUTER_BOUND('',#883,.T.);
#728=FACE_OUTER_BOUND('',#884,.T.);
#729=FACE_OUTER_BOUND('',#885,.T.);
#730=FACE_OUTER_BOUND('',#886,.T.);
#731=FACE_OUTER_BOUND('',#887,.T.);
#732=FACE_OUTER_BOUND('',#889,.T.);
#733=FACE_OUTER_BOUND('',#890,.T.);
#734=FACE_OUTER_BOUND('',#891,.T.);
#735=EDGE_LOOP('',(#1459));
#736=EDGE_LOOP('',(#1460));
#737=EDGE_LOOP('',(#1461));
#738=EDGE_LOOP('',(#1462));
#739=EDGE_LOOP('',(#1463,#1464,#1465,#1466));
#740=EDGE_LOOP('',(#1467,#1468,#1469,#1470));
#741=EDGE_LOOP('',(#1471));
#742=EDGE_LOOP('',(#1472));
#743=EDGE_LOOP('',(#1473,#1474,#1475,#1476,#1477,#1478,#1479,#1480,#1481));
#744=EDGE_LOOP('',(#1482));
#745=EDGE_LOOP('',(#1483));
#746=EDGE_LOOP('',(#1484));
#747=EDGE_LOOP('',(#1485));
#748=EDGE_LOOP('',(#1486,#1487,#1488,#1489));
#749=EDGE_LOOP('',(#1490,#1491,#1492,#1493));
#750=EDGE_LOOP('',(#1494));
#751=EDGE_LOOP('',(#1495));
#752=EDGE_LOOP('',(#1496,#1497,#1498,#1499));
#753=EDGE_LOOP('',(#1500,#1501,#1502,#1503));
#754=EDGE_LOOP('',(#1504));
#755=EDGE_LOOP('',(#1505));
#756=EDGE_LOOP('',(#1506,#1507,#1508,#1509));
#757=EDGE_LOOP('',(#1510,#1511,#1512,#1513));
#758=EDGE_LOOP('',(#1514));
#759=EDGE_LOOP('',(#1515));
#760=EDGE_LOOP('',(#1516,#1517,#1518,#1519));
#761=EDGE_LOOP('',(#1520,#1521,#1522,#1523,#1524,#1525,#1526,#1527,#1528,
#1529,#1530,#1531,#1532,#1533));
#762=EDGE_LOOP('',(#1534,#1535,#1536,#1537,#1538,#1539));
#763=EDGE_LOOP('',(#1540,#1541,#1542,#1543));
#764=EDGE_LOOP('',(#1544,#1545,#1546,#1547,#1548,#1549));
#765=EDGE_LOOP('',(#1550,#1551,#1552,#1553));
#766=EDGE_LOOP('',(#1554,#1555,#1556,#1557,#1558,#1559,#1560,#1561));
#767=EDGE_LOOP('',(#1562,#1563,#1564,#1565));
#768=EDGE_LOOP('',(#1566,#1567,#1568,#1569));
#769=EDGE_LOOP('',(#1570,#1571,#1572,#1573));
#770=EDGE_LOOP('',(#1574,#1575,#1576,#1577));
#771=EDGE_LOOP('',(#1578,#1579,#1580,#1581));
#772=EDGE_LOOP('',(#1582,#1583,#1584,#1585));
#773=EDGE_LOOP('',(#1586,#1587,#1588,#1589));
#774=EDGE_LOOP('',(#1590,#1591,#1592,#1593));
#775=EDGE_LOOP('',(#1594,#1595,#1596,#1597));
#776=EDGE_LOOP('',(#1598,#1599,#1600,#1601));
#777=EDGE_LOOP('',(#1602,#1603,#1604,#1605));
#778=EDGE_LOOP('',(#1606,#1607,#1608,#1609));
#779=EDGE_LOOP('',(#1610,#1611,#1612,#1613));
#780=EDGE_LOOP('',(#1614,#1615,#1616,#1617));
#781=EDGE_LOOP('',(#1618,#1619,#1620,#1621));
#782=EDGE_LOOP('',(#1622,#1623,#1624,#1625));
#783=EDGE_LOOP('',(#1626,#1627,#1628,#1629));
#784=EDGE_LOOP('',(#1630,#1631,#1632,#1633));
#785=EDGE_LOOP('',(#1634,#1635,#1636,#1637));
#786=EDGE_LOOP('',(#1638,#1639,#1640,#1641,#1642,#1643,#1644));
#787=EDGE_LOOP('',(#1645,#1646,#1647,#1648,#1649,#1650,#1651,#1652,#1653));
#788=EDGE_LOOP('',(#1654,#1655,#1656,#1657,#1658));
#789=EDGE_LOOP('',(#1659,#1660,#1661,#1662));
#790=EDGE_LOOP('',(#1663,#1664,#1665,#1666,#1667));
#791=EDGE_LOOP('',(#1668,#1669,#1670,#1671));
#792=EDGE_LOOP('',(#1672,#1673,#1674,#1675));
#793=EDGE_LOOP('',(#1676,#1677,#1678,#1679));
#794=EDGE_LOOP('',(#1680,#1681,#1682,#1683));
#795=EDGE_LOOP('',(#1684,#1685,#1686,#1687));
#796=EDGE_LOOP('',(#1688,#1689,#1690,#1691));
#797=EDGE_LOOP('',(#1692,#1693,#1694,#1695,#1696));
#798=EDGE_LOOP('',(#1697,#1698,#1699,#1700));
#799=EDGE_LOOP('',(#1701,#1702,#1703,#1704));
#800=EDGE_LOOP('',(#1705,#1706,#1707,#1708));
#801=EDGE_LOOP('',(#1709,#1710,#1711,#1712));
#802=EDGE_LOOP('',(#1713,#1714,#1715,#1716));
#803=EDGE_LOOP('',(#1717,#1718,#1719,#1720));
#804=EDGE_LOOP('',(#1721,#1722,#1723,#1724));
#805=EDGE_LOOP('',(#1725,#1726,#1727,#1728));
#806=EDGE_LOOP('',(#1729,#1730,#1731,#1732));
#807=EDGE_LOOP('',(#1733,#1734,#1735,#1736));
#808=EDGE_LOOP('',(#1737,#1738,#1739,#1740));
#809=EDGE_LOOP('',(#1741,#1742,#1743,#1744,#1745,#1746,#1747,#1748));
#810=EDGE_LOOP('',(#1749,#1750,#1751,#1752));
#811=EDGE_LOOP('',(#1753,#1754,#1755,#1756));
#812=EDGE_LOOP('',(#1757,#1758,#1759,#1760,#1761,#1762,#1763,#1764,#1765));
#813=EDGE_LOOP('',(#1766,#1767,#1768,#1769,#1770,#1771,#1772,#1773,#1774));
#814=EDGE_LOOP('',(#1775));
#815=EDGE_LOOP('',(#1776));
#816=EDGE_LOOP('',(#1777));
#817=EDGE_LOOP('',(#1778));
#818=EDGE_LOOP('',(#1779,#1780,#1781,#1782));
#819=EDGE_LOOP('',(#1783,#1784,#1785,#1786));
#820=EDGE_LOOP('',(#1787));
#821=EDGE_LOOP('',(#1788));
#822=EDGE_LOOP('',(#1789,#1790,#1791,#1792,#1793,#1794,#1795,#1796,#1797));
#823=EDGE_LOOP('',(#1798));
#824=EDGE_LOOP('',(#1799));
#825=EDGE_LOOP('',(#1800));
#826=EDGE_LOOP('',(#1801));
#827=EDGE_LOOP('',(#1802,#1803,#1804,#1805));
#828=EDGE_LOOP('',(#1806,#1807,#1808,#1809));
#829=EDGE_LOOP('',(#1810));
#830=EDGE_LOOP('',(#1811));
#831=EDGE_LOOP('',(#1812,#1813,#1814,#1815));
#832=EDGE_LOOP('',(#1816,#1817,#1818,#1819));
#833=EDGE_LOOP('',(#1820));
#834=EDGE_LOOP('',(#1821));
#835=EDGE_LOOP('',(#1822,#1823,#1824,#1825));
#836=EDGE_LOOP('',(#1826,#1827,#1828,#1829));
#837=EDGE_LOOP('',(#1830));
#838=EDGE_LOOP('',(#1831));
#839=EDGE_LOOP('',(#1832,#1833,#1834,#1835));
#840=EDGE_LOOP('',(#1836,#1837,#1838,#1839,#1840,#1841,#1842,#1843,#1844,
#1845,#1846,#1847,#1848,#1849));
#841=EDGE_LOOP('',(#1850,#1851,#1852,#1853,#1854,#1855));
#842=EDGE_LOOP('',(#1856,#1857,#1858,#1859));
#843=EDGE_LOOP('',(#1860,#1861,#1862,#1863,#1864,#1865));
#844=EDGE_LOOP('',(#1866,#1867,#1868,#1869));
#845=EDGE_LOOP('',(#1870,#1871,#1872,#1873,#1874,#1875,#1876,#1877));
#846=EDGE_LOOP('',(#1878,#1879,#1880,#1881));
#847=EDGE_LOOP('',(#1882,#1883,#1884,#1885));
#848=EDGE_LOOP('',(#1886,#1887,#1888,#1889));
#849=EDGE_LOOP('',(#1890,#1891,#1892,#1893));
#850=EDGE_LOOP('',(#1894,#1895,#1896,#1897));
#851=EDGE_LOOP('',(#1898,#1899,#1900,#1901));
#852=EDGE_LOOP('',(#1902,#1903,#1904,#1905));
#853=EDGE_LOOP('',(#1906,#1907,#1908,#1909));
#854=EDGE_LOOP('',(#1910,#1911,#1912,#1913));
#855=EDGE_LOOP('',(#1914,#1915,#1916,#1917));
#856=EDGE_LOOP('',(#1918,#1919,#1920,#1921));
#857=EDGE_LOOP('',(#1922,#1923,#1924,#1925));
#858=EDGE_LOOP('',(#1926,#1927,#1928,#1929));
#859=EDGE_LOOP('',(#1930,#1931,#1932,#1933));
#860=EDGE_LOOP('',(#1934,#1935,#1936,#1937));
#861=EDGE_LOOP('',(#1938,#1939,#1940,#1941));
#862=EDGE_LOOP('',(#1942,#1943,#1944,#1945));
#863=EDGE_LOOP('',(#1946,#1947,#1948,#1949));
#864=EDGE_LOOP('',(#1950,#1951,#1952,#1953));
#865=EDGE_LOOP('',(#1954,#1955,#1956,#1957,#1958,#1959,#1960));
#866=EDGE_LOOP('',(#1961,#1962,#1963,#1964,#1965,#1966,#1967,#1968,#1969));
#867=EDGE_LOOP('',(#1970,#1971,#1972,#1973,#1974));
#868=EDGE_LOOP('',(#1975,#1976,#1977,#1978));
#869=EDGE_LOOP('',(#1979,#1980,#1981,#1982,#1983));
#870=EDGE_LOOP('',(#1984,#1985,#1986,#1987));
#871=EDGE_LOOP('',(#1988,#1989,#1990,#1991));
#872=EDGE_LOOP('',(#1992,#1993,#1994,#1995));
#873=EDGE_LOOP('',(#1996,#1997,#1998,#1999));
#874=EDGE_LOOP('',(#2000,#2001,#2002,#2003));
#875=EDGE_LOOP('',(#2004,#2005,#2006,#2007));
#876=EDGE_LOOP('',(#2008,#2009,#2010,#2011,#2012));
#877=EDGE_LOOP('',(#2013,#2014,#2015,#2016));
#878=EDGE_LOOP('',(#2017,#2018,#2019,#2020));
#879=EDGE_LOOP('',(#2021,#2022,#2023,#2024));
#880=EDGE_LOOP('',(#2025,#2026,#2027,#2028));
#881=EDGE_LOOP('',(#2029,#2030,#2031,#2032));
#882=EDGE_LOOP('',(#2033,#2034,#2035,#2036));
#883=EDGE_LOOP('',(#2037,#2038,#2039,#2040));
#884=EDGE_LOOP('',(#2041,#2042,#2043,#2044));
#885=EDGE_LOOP('',(#2045,#2046,#2047,#2048));
#886=EDGE_LOOP('',(#2049,#2050,#2051,#2052));
#887=EDGE_LOOP('',(#2053,#2054,#2055,#2056));
#888=EDGE_LOOP('',(#2057,#2058,#2059,#2060,#2061,#2062,#2063,#2064));
#889=EDGE_LOOP('',(#2065,#2066,#2067,#2068));
#890=EDGE_LOOP('',(#2069,#2070,#2071,#2072));
#891=EDGE_LOOP('',(#2073,#2074,#2075,#2076,#2077,#2078,#2079,#2080,#2081));
#892=EDGE_LOOP('',(#2082,#2083,#2084,#2085,#2086,#2087,#2088,#2089,#2090));
#893=CIRCLE('',#2355,1.6);
#894=CIRCLE('',#2357,1.6);
#895=CIRCLE('',#2359,1.6);
#896=CIRCLE('',#2361,1.6);
#897=CIRCLE('',#2363,1.6);
#898=CIRCLE('',#2365,2.5);
#899=CIRCLE('',#2366,2.5);
#900=CIRCLE('',#2369,2.5);
#901=CIRCLE('',#2370,2.5);
#902=CIRCLE('',#2371,2.5);
#903=CIRCLE('',#2373,1.6);
#904=CIRCLE('',#2375,2.5);
#905=CIRCLE('',#2378,1.6);
#906=CIRCLE('',#2380,2.5);
#907=CIRCLE('',#2383,1.6);
#908=CIRCLE('',#2385,2.5);
#909=CIRCLE('',#2393,1.00000000000001);
#910=CIRCLE('',#2394,1.00000000000001);
#911=CIRCLE('',#2395,1.00000000000001);
#912=CIRCLE('',#2396,1.00000000000001);
#913=CIRCLE('',#2399,1.00000000000001);
#914=CIRCLE('',#2402,1.00000000000001);
#915=CIRCLE('',#2406,1.00000000000001);
#916=CIRCLE('',#2409,1.00000000000001);
#917=CIRCLE('',#2447,1.6);
#918=CIRCLE('',#2449,1.6);
#919=CIRCLE('',#2451,1.6);
#920=CIRCLE('',#2453,1.6);
#921=CIRCLE('',#2455,1.6);
#922=CIRCLE('',#2457,2.5);
#923=CIRCLE('',#2458,2.5);
#924=CIRCLE('',#2461,2.5);
#925=CIRCLE('',#2462,2.5);
#926=CIRCLE('',#2463,2.5);
#927=CIRCLE('',#2465,1.6);
#928=CIRCLE('',#2467,2.5);
#929=CIRCLE('',#2470,1.6);
#930=CIRCLE('',#2472,2.5);
#931=CIRCLE('',#2475,1.6);
#932=CIRCLE('',#2477,2.5);
#933=CIRCLE('',#2485,1.00000000000001);
#934=CIRCLE('',#2486,1.00000000000001);
#935=CIRCLE('',#2487,1.00000000000001);
#936=CIRCLE('',#2488,1.00000000000001);
#937=CIRCLE('',#2491,1.00000000000001);
#938=CIRCLE('',#2494,1.00000000000001);
#939=CIRCLE('',#2498,1.00000000000001);
#940=CIRCLE('',#2501,1.00000000000001);
#941=VERTEX_POINT('',#3178);
#942=VERTEX_POINT('',#3181);
#943=VERTEX_POINT('',#3184);
#944=VERTEX_POINT('',#3187);
#945=VERTEX_POINT('',#3190);
#946=VERTEX_POINT('',#3194);
#947=VERTEX_POINT('',#3196);
#948=VERTEX_POINT('',#3201);
#949=VERTEX_POINT('',#3202);
#950=VERTEX_POINT('',#3204);
#951=VERTEX_POINT('',#3206);
#952=VERTEX_POINT('',#3208);
#953=VERTEX_POINT('',#3210);
#954=VERTEX_POINT('',#3212);
#955=VERTEX_POINT('',#3214);
#956=VERTEX_POINT('',#3216);
#957=VERTEX_POINT('',#3219);
#958=VERTEX_POINT('',#3221);
#959=VERTEX_POINT('',#3223);
#960=VERTEX_POINT('',#3226);
#961=VERTEX_POINT('',#3230);
#962=VERTEX_POINT('',#3235);
#963=VERTEX_POINT('',#3239);
#964=VERTEX_POINT('',#3244);
#965=VERTEX_POINT('',#3248);
#966=VERTEX_POINT('',#3253);
#967=VERTEX_POINT('',#3254);
#968=VERTEX_POINT('',#3256);
#969=VERTEX_POINT('',#3258);
#970=VERTEX_POINT('',#3262);
#971=VERTEX_POINT('',#3264);
#972=VERTEX_POINT('',#3266);
#973=VERTEX_POINT('',#3268);
#974=VERTEX_POINT('',#3270);
#975=VERTEX_POINT('',#3272);
#976=VERTEX_POINT('',#3274);
#977=VERTEX_POINT('',#3276);
#978=VERTEX_POINT('',#3278);
#979=VERTEX_POINT('',#3280);
#980=VERTEX_POINT('',#3282);
#981=VERTEX_POINT('',#3284);
#982=VERTEX_POINT('',#3288);
#983=VERTEX_POINT('',#3290);
#984=VERTEX_POINT('',#3292);
#985=VERTEX_POINT('',#3296);
#986=VERTEX_POINT('',#3298);
#987=VERTEX_POINT('',#3302);
#988=VERTEX_POINT('',#3307);
#989=VERTEX_POINT('',#3308);
#990=VERTEX_POINT('',#3310);
#991=VERTEX_POINT('',#3312);
#992=VERTEX_POINT('',#3314);
#993=VERTEX_POINT('',#3316);
#994=VERTEX_POINT('',#3318);
#995=VERTEX_POINT('',#3320);
#996=VERTEX_POINT('',#3324);
#997=VERTEX_POINT('',#3326);
#998=VERTEX_POINT('',#3330);
#999=VERTEX_POINT('',#3334);
#1000=VERTEX_POINT('',#3338);
#1001=VERTEX_POINT('',#3342);
#1002=VERTEX_POINT('',#3346);
#1003=VERTEX_POINT('',#3350);
#1004=VERTEX_POINT('',#3354);
#1005=VERTEX_POINT('',#3360);
#1006=VERTEX_POINT('',#3361);
#1007=VERTEX_POINT('',#3366);
#1008=VERTEX_POINT('',#3370);
#1009=VERTEX_POINT('',#3374);
#1010=VERTEX_POINT('',#3376);
#1011=VERTEX_POINT('',#3380);
#1012=VERTEX_POINT('',#3384);
#1013=VERTEX_POINT('',#3388);
#1014=VERTEX_POINT('',#3390);
#1015=VERTEX_POINT('',#3394);
#1016=VERTEX_POINT('',#3398);
#1017=VERTEX_POINT('',#3400);
#1018=VERTEX_POINT('',#3406);
#1019=VERTEX_POINT('',#3408);
#1020=VERTEX_POINT('',#3413);
#1021=VERTEX_POINT('',#3415);
#1022=VERTEX_POINT('',#3419);
#1023=VERTEX_POINT('',#3423);
#1024=VERTEX_POINT('',#3427);
#1025=VERTEX_POINT('',#3431);
#1026=VERTEX_POINT('',#3436);
#1027=VERTEX_POINT('',#3440);
#1028=VERTEX_POINT('',#3444);
#1029=VERTEX_POINT('',#3450);
#1030=VERTEX_POINT('',#3454);
#1031=VERTEX_POINT('',#3458);
#1032=VERTEX_POINT('',#3462);
#1033=VERTEX_POINT('',#3468);
#1034=VERTEX_POINT('',#3470);
#1035=VERTEX_POINT('',#3474);
#1036=VERTEX_POINT('',#3478);
#1037=VERTEX_POINT('',#3482);
#1038=VERTEX_POINT('',#3486);
#1039=VERTEX_POINT('',#3490);
#1040=VERTEX_POINT('',#3494);
#1041=VERTEX_POINT('',#3498);
#1042=VERTEX_POINT('',#3505);
#1043=VERTEX_POINT('',#3508);
#1044=VERTEX_POINT('',#3511);
#1045=VERTEX_POINT('',#3514);
#1046=VERTEX_POINT('',#3517);
#1047=VERTEX_POINT('',#3521);
#1048=VERTEX_POINT('',#3523);
#1049=VERTEX_POINT('',#3528);
#1050=VERTEX_POINT('',#3529);
#1051=VERTEX_POINT('',#3531);
#1052=VERTEX_POINT('',#3533);
#1053=VERTEX_POINT('',#3535);
#1054=VERTEX_POINT('',#3537);
#1055=VERTEX_POINT('',#3539);
#1056=VERTEX_POINT('',#3541);
#1057=VERTEX_POINT('',#3543);
#1058=VERTEX_POINT('',#3546);
#1059=VERTEX_POINT('',#3548);
#1060=VERTEX_POINT('',#3550);
#1061=VERTEX_POINT('',#3553);
#1062=VERTEX_POINT('',#3557);
#1063=VERTEX_POINT('',#3562);
#1064=VERTEX_POINT('',#3566);
#1065=VERTEX_POINT('',#3571);
#1066=VERTEX_POINT('',#3575);
#1067=VERTEX_POINT('',#3580);
#1068=VERTEX_POINT('',#3581);
#1069=VERTEX_POINT('',#3583);
#1070=VERTEX_POINT('',#3585);
#1071=VERTEX_POINT('',#3589);
#1072=VERTEX_POINT('',#3591);
#1073=VERTEX_POINT('',#3593);
#1074=VERTEX_POINT('',#3595);
#1075=VERTEX_POINT('',#3597);
#1076=VERTEX_POINT('',#3599);
#1077=VERTEX_POINT('',#3601);
#1078=VERTEX_POINT('',#3603);
#1079=VERTEX_POINT('',#3605);
#1080=VERTEX_POINT('',#3607);
#1081=VERTEX_POINT('',#3609);
#1082=VERTEX_POINT('',#3611);
#1083=VERTEX_POINT('',#3615);
#1084=VERTEX_POINT('',#3617);
#1085=VERTEX_POINT('',#3619);
#1086=VERTEX_POINT('',#3623);
#1087=VERTEX_POINT('',#3625);
#1088=VERTEX_POINT('',#3629);
#1089=VERTEX_POINT('',#3634);
#1090=VERTEX_POINT('',#3635);
#1091=VERTEX_POINT('',#3637);
#1092=VERTEX_POINT('',#3639);
#1093=VERTEX_POINT('',#3641);
#1094=VERTEX_POINT('',#3643);
#1095=VERTEX_POINT('',#3645);
#1096=VERTEX_POINT('',#3647);
#1097=VERTEX_POINT('',#3651);
#1098=VERTEX_POINT('',#3653);
#1099=VERTEX_POINT('',#3657);
#1100=VERTEX_POINT('',#3661);
#1101=VERTEX_POINT('',#3665);
#1102=VERTEX_POINT('',#3669);
#1103=VERTEX_POINT('',#3673);
#1104=VERTEX_POINT('',#3677);
#1105=VERTEX_POINT('',#3681);
#1106=VERTEX_POINT('',#3687);
#1107=VERTEX_POINT('',#3688);
#1108=VERTEX_POINT('',#3693);
#1109=VERTEX_POINT('',#3697);
#1110=VERTEX_POINT('',#3701);
#1111=VERTEX_POINT('',#3703);
#1112=VERTEX_POINT('',#3707);
#1113=VERTEX_POINT('',#3711);
#1114=VERTEX_POINT('',#3715);
#1115=VERTEX_POINT('',#3717);
#1116=VERTEX_POINT('',#3721);
#1117=VERTEX_POINT('',#3725);
#1118=VERTEX_POINT('',#3727);
#1119=VERTEX_POINT('',#3733);
#1120=VERTEX_POINT('',#3735);
#1121=VERTEX_POINT('',#3739);
#1122=VERTEX_POINT('',#3741);
#1123=VERTEX_POINT('',#3746);
#1124=VERTEX_POINT('',#3750);
#1125=VERTEX_POINT('',#3754);
#1126=VERTEX_POINT('',#3758);
#1127=VERTEX_POINT('',#3763);
#1128=VERTEX_POINT('',#3767);
#1129=VERTEX_POINT('',#3771);
#1130=VERTEX_POINT('',#3777);
#1131=VERTEX_POINT('',#3781);
#1132=VERTEX_POINT('',#3785);
#1133=VERTEX_POINT('',#3789);
#1134=VERTEX_POINT('',#3795);
#1135=VERTEX_POINT('',#3797);
#1136=VERTEX_POINT('',#3801);
#1137=VERTEX_POINT('',#3805);
#1138=VERTEX_POINT('',#3809);
#1139=VERTEX_POINT('',#3813);
#1140=VERTEX_POINT('',#3817);
#1141=VERTEX_POINT('',#3821);
#1142=VERTEX_POINT('',#3825);
#1143=EDGE_CURVE('',#941,#941,#893,.T.);
#1144=EDGE_CURVE('',#942,#942,#894,.T.);
#1145=EDGE_CURVE('',#943,#943,#895,.T.);
#1146=EDGE_CURVE('',#944,#944,#896,.T.);
#1147=EDGE_CURVE('',#945,#945,#897,.T.);
#1148=EDGE_CURVE('',#945,#941,#39,.T.);
#1149=EDGE_CURVE('',#946,#946,#898,.T.);
#1150=EDGE_CURVE('',#946,#947,#40,.T.);
#1151=EDGE_CURVE('',#947,#947,#899,.T.);
#1152=EDGE_CURVE('',#948,#949,#41,.T.);
#1153=EDGE_CURVE('',#949,#950,#42,.T.);
#1154=EDGE_CURVE('',#950,#951,#43,.T.);
#1155=EDGE_CURVE('',#951,#952,#44,.T.);
#1156=EDGE_CURVE('',#952,#953,#45,.T.);
#1157=EDGE_CURVE('',#953,#954,#46,.T.);
#1158=EDGE_CURVE('',#954,#955,#47,.T.);
#1159=EDGE_CURVE('',#955,#956,#48,.T.);
#1160=EDGE_CURVE('',#956,#948,#49,.T.);
#1161=EDGE_CURVE('',#957,#957,#900,.T.);
#1162=EDGE_CURVE('',#958,#958,#901,.T.);
#1163=EDGE_CURVE('',#959,#959,#902,.T.);
#1164=EDGE_CURVE('',#960,#960,#903,.T.);
#1165=EDGE_CURVE('',#960,#942,#50,.T.);
#1166=EDGE_CURVE('',#961,#961,#904,.T.);
#1167=EDGE_CURVE('',#961,#957,#51,.T.);
#1168=EDGE_CURVE('',#962,#962,#905,.T.);
#1169=EDGE_CURVE('',#962,#943,#52,.T.);
#1170=EDGE_CURVE('',#963,#963,#906,.T.);
#1171=EDGE_CURVE('',#963,#959,#53,.T.);
#1172=EDGE_CURVE('',#964,#964,#907,.T.);
#1173=EDGE_CURVE('',#964,#944,#54,.T.);
#1174=EDGE_CURVE('',#965,#965,#908,.T.);
#1175=EDGE_CURVE('',#965,#958,#55,.T.);
#1176=EDGE_CURVE('',#966,#967,#56,.F.);
#1177=EDGE_CURVE('',#967,#968,#57,.T.);
#1178=EDGE_CURVE('',#969,#968,#58,.T.);
#1179=EDGE_CURVE('',#969,#966,#59,.T.);
#1180=EDGE_CURVE('',#966,#970,#60,.T.);
#1181=EDGE_CURVE('',#971,#969,#61,.T.);
#1182=EDGE_CURVE('',#972,#971,#62,.T.);
#1183=EDGE_CURVE('',#973,#972,#63,.T.);
#1184=EDGE_CURVE('',#974,#973,#64,.T.);
#1185=EDGE_CURVE('',#975,#974,#65,.T.);
#1186=EDGE_CURVE('',#976,#975,#66,.T.);
#1187=EDGE_CURVE('',#977,#976,#67,.T.);
#1188=EDGE_CURVE('',#978,#977,#68,.T.);
#1189=EDGE_CURVE('',#979,#978,#69,.T.);
#1190=EDGE_CURVE('',#980,#979,#70,.T.);
#1191=EDGE_CURVE('',#981,#980,#71,.T.);
#1192=EDGE_CURVE('',#970,#981,#72,.T.);
#1193=EDGE_CURVE('',#971,#982,#73,.T.);
#1194=EDGE_CURVE('',#968,#983,#74,.T.);
#1195=EDGE_CURVE('',#984,#983,#75,.T.);
#1196=EDGE_CURVE('',#982,#984,#76,.T.);
#1197=EDGE_CURVE('',#984,#985,#77,.T.);
#1198=EDGE_CURVE('',#983,#986,#78,.T.);
#1199=EDGE_CURVE('',#985,#986,#79,.T.);
#1200=EDGE_CURVE('',#987,#970,#80,.T.);
#1201=EDGE_CURVE('',#985,#987,#81,.T.);
#1202=EDGE_CURVE('',#986,#967,#82,.T.);
#1203=EDGE_CURVE('',#988,#989,#909,.T.);
#1204=EDGE_CURVE('',#990,#988,#83,.T.);
#1205=EDGE_CURVE('',#991,#990,#910,.T.);
#1206=EDGE_CURVE('',#992,#991,#84,.T.);
#1207=EDGE_CURVE('',#993,#992,#911,.T.);
#1208=EDGE_CURVE('',#994,#993,#85,.T.);
#1209=EDGE_CURVE('',#995,#994,#912,.T.);
#1210=EDGE_CURVE('',#989,#995,#86,.T.);
#1211=EDGE_CURVE('',#991,#996,#87,.T.);
#1212=EDGE_CURVE('',#997,#996,#88,.T.);
#1213=EDGE_CURVE('',#992,#997,#89,.T.);
#1214=EDGE_CURVE('',#990,#998,#90,.T.);
#1215=EDGE_CURVE('',#996,#998,#913,.T.);
#1216=EDGE_CURVE('',#988,#999,#91,.T.);
#1217=EDGE_CURVE('',#998,#999,#92,.T.);
#1218=EDGE_CURVE('',#989,#1000,#93,.T.);
#1219=EDGE_CURVE('',#999,#1000,#914,.T.);
#1220=EDGE_CURVE('',#982,#1001,#94,.T.);
#1221=EDGE_CURVE('',#972,#1001,#95,.T.);
#1222=EDGE_CURVE('',#995,#1002,#96,.T.);
#1223=EDGE_CURVE('',#1000,#1002,#97,.T.);
#1224=EDGE_CURVE('',#994,#1003,#98,.T.);
#1225=EDGE_CURVE('',#1002,#1003,#915,.T.);
#1226=EDGE_CURVE('',#993,#1004,#99,.T.);
#1227=EDGE_CURVE('',#1003,#1004,#100,.T.);
#1228=EDGE_CURVE('',#1004,#997,#916,.T.);
#1229=EDGE_CURVE('',#1005,#1006,#101,.T.);
#1230=EDGE_CURVE('',#980,#1006,#102,.T.);
#1231=EDGE_CURVE('',#979,#1005,#103,.T.);
#1232=EDGE_CURVE('',#978,#1007,#104,.T.);
#1233=EDGE_CURVE('',#1007,#1005,#105,.T.);
#1234=EDGE_CURVE('',#977,#1008,#106,.F.);
#1235=EDGE_CURVE('',#1008,#1007,#107,.T.);
#1236=EDGE_CURVE('',#1005,#1009,#108,.T.);
#1237=EDGE_CURVE('',#1010,#1009,#109,.T.);
#1238=EDGE_CURVE('',#1006,#1010,#110,.T.);
#1239=EDGE_CURVE('',#1011,#1007,#111,.T.);
#1240=EDGE_CURVE('',#1009,#1011,#112,.T.);
#1241=EDGE_CURVE('',#1012,#1008,#113,.T.);
#1242=EDGE_CURVE('',#1011,#1012,#114,.T.);
#1243=EDGE_CURVE('',#1009,#1013,#115,.T.);
#1244=EDGE_CURVE('',#1013,#1014,#116,.T.);
#1245=EDGE_CURVE('',#1014,#1010,#117,.T.);
#1246=EDGE_CURVE('',#1011,#1015,#118,.T.);
#1247=EDGE_CURVE('',#1015,#1013,#119,.T.);
#1248=EDGE_CURVE('',#1008,#1016,#120,.F.);
#1249=EDGE_CURVE('',#1016,#1017,#121,.T.);
#1250=EDGE_CURVE('',#1017,#1012,#122,.T.);
#1251=EDGE_CURVE('',#1017,#1015,#123,.T.);
#1252=EDGE_CURVE('',#1014,#1018,#124,.T.);
#1253=EDGE_CURVE('',#1018,#1019,#125,.T.);
#1254=EDGE_CURVE('',#1019,#981,#126,.T.);
#1255=EDGE_CURVE('',#1019,#987,#127,.T.);
#1256=EDGE_CURVE('',#1018,#1020,#128,.T.);
#1257=EDGE_CURVE('',#1021,#1020,#129,.T.);
#1258=EDGE_CURVE('',#1001,#1021,#130,.T.);
#1259=EDGE_CURVE('',#1022,#1013,#131,.T.);
#1260=EDGE_CURVE('',#1020,#1022,#132,.T.);
#1261=EDGE_CURVE('',#1015,#1023,#133,.T.);
#1262=EDGE_CURVE('',#1022,#1023,#134,.T.);
#1263=EDGE_CURVE('',#1016,#1024,#135,.T.);
#1264=EDGE_CURVE('',#1023,#1024,#136,.T.);
#1265=EDGE_CURVE('',#1001,#1025,#137,.T.);
#1266=EDGE_CURVE('',#973,#1025,#138,.T.);
#1267=EDGE_CURVE('',#1026,#1008,#139,.T.);
#1268=EDGE_CURVE('',#976,#1026,#140,.T.);
#1269=EDGE_CURVE('',#1027,#1026,#141,.T.);
#1270=EDGE_CURVE('',#975,#1027,#142,.T.);
#1271=EDGE_CURVE('',#1028,#1027,#143,.T.);
#1272=EDGE_CURVE('',#974,#1028,#144,.T.);
#1273=EDGE_CURVE('',#1025,#1028,#145,.T.);
#1274=EDGE_CURVE('',#1026,#1029,#146,.T.);
#1275=EDGE_CURVE('',#1024,#1029,#147,.T.);
#1276=EDGE_CURVE('',#1027,#1030,#148,.T.);
#1277=EDGE_CURVE('',#1029,#1030,#149,.T.);
#1278=EDGE_CURVE('',#1028,#1031,#150,.T.);
#1279=EDGE_CURVE('',#1030,#1031,#151,.T.);
#1280=EDGE_CURVE('',#1025,#1032,#152,.T.);
#1281=EDGE_CURVE('',#1031,#1032,#153,.T.);
#1282=EDGE_CURVE('',#1032,#1021,#154,.T.);
#1283=EDGE_CURVE('',#1033,#948,#155,.T.);
#1284=EDGE_CURVE('',#1034,#1033,#156,.T.);
#1285=EDGE_CURVE('',#949,#1034,#157,.T.);
#1286=EDGE_CURVE('',#1035,#1034,#158,.T.);
#1287=EDGE_CURVE('',#950,#1035,#159,.T.);
#1288=EDGE_CURVE('',#1036,#1035,#160,.T.);
#1289=EDGE_CURVE('',#951,#1036,#161,.T.);
#1290=EDGE_CURVE('',#1037,#1036,#162,.T.);
#1291=EDGE_CURVE('',#952,#1037,#163,.T.);
#1292=EDGE_CURVE('',#1038,#1037,#164,.T.);
#1293=EDGE_CURVE('',#953,#1038,#165,.T.);
#1294=EDGE_CURVE('',#1039,#1038,#166,.T.);
#1295=EDGE_CURVE('',#954,#1039,#167,.T.);
#1296=EDGE_CURVE('',#1040,#1039,#168,.T.);
#1297=EDGE_CURVE('',#955,#1040,#169,.T.);
#1298=EDGE_CURVE('',#1041,#1040,#170,.T.);
#1299=EDGE_CURVE('',#956,#1041,#171,.T.);
#1300=EDGE_CURVE('',#1033,#1041,#172,.T.);
#1301=EDGE_CURVE('',#1042,#1042,#917,.T.);
#1302=EDGE_CURVE('',#1043,#1043,#918,.T.);
#1303=EDGE_CURVE('',#1044,#1044,#919,.T.);
#1304=EDGE_CURVE('',#1045,#1045,#920,.T.);
#1305=EDGE_CURVE('',#1046,#1046,#921,.T.);
#1306=EDGE_CURVE('',#1046,#1042,#173,.T.);
#1307=EDGE_CURVE('',#1047,#1047,#922,.T.);
#1308=EDGE_CURVE('',#1047,#1048,#174,.T.);
#1309=EDGE_CURVE('',#1048,#1048,#923,.T.);
#1310=EDGE_CURVE('',#1049,#1050,#175,.T.);
#1311=EDGE_CURVE('',#1051,#1049,#176,.T.);
#1312=EDGE_CURVE('',#1052,#1051,#177,.T.);
#1313=EDGE_CURVE('',#1053,#1052,#178,.T.);
#1314=EDGE_CURVE('',#1054,#1053,#179,.T.);
#1315=EDGE_CURVE('',#1055,#1054,#180,.T.);
#1316=EDGE_CURVE('',#1056,#1055,#181,.T.);
#1317=EDGE_CURVE('',#1057,#1056,#182,.T.);
#1318=EDGE_CURVE('',#1050,#1057,#183,.T.);
#1319=EDGE_CURVE('',#1058,#1058,#924,.T.);
#1320=EDGE_CURVE('',#1059,#1059,#925,.T.);
#1321=EDGE_CURVE('',#1060,#1060,#926,.T.);
#1322=EDGE_CURVE('',#1061,#1061,#927,.T.);
#1323=EDGE_CURVE('',#1061,#1043,#184,.T.);
#1324=EDGE_CURVE('',#1062,#1062,#928,.T.);
#1325=EDGE_CURVE('',#1062,#1058,#185,.T.);
#1326=EDGE_CURVE('',#1063,#1063,#929,.T.);
#1327=EDGE_CURVE('',#1063,#1044,#186,.T.);
#1328=EDGE_CURVE('',#1064,#1064,#930,.T.);
#1329=EDGE_CURVE('',#1064,#1060,#187,.T.);
#1330=EDGE_CURVE('',#1065,#1065,#931,.T.);
#1331=EDGE_CURVE('',#1065,#1045,#188,.T.);
#1332=EDGE_CURVE('',#1066,#1066,#932,.T.);
#1333=EDGE_CURVE('',#1066,#1059,#189,.T.);
#1334=EDGE_CURVE('',#1067,#1068,#190,.F.);
#1335=EDGE_CURVE('',#1069,#1067,#191,.T.);
#1336=EDGE_CURVE('',#1069,#1070,#192,.T.);
#1337=EDGE_CURVE('',#1068,#1070,#193,.T.);
#1338=EDGE_CURVE('',#1067,#1071,#194,.T.);
#1339=EDGE_CURVE('',#1071,#1072,#195,.T.);
#1340=EDGE_CURVE('',#1072,#1073,#196,.T.);
#1341=EDGE_CURVE('',#1073,#1074,#197,.T.);
#1342=EDGE_CURVE('',#1074,#1075,#198,.T.);
#1343=EDGE_CURVE('',#1075,#1076,#199,.T.);
#1344=EDGE_CURVE('',#1076,#1077,#200,.T.);
#1345=EDGE_CURVE('',#1077,#1078,#201,.T.);
#1346=EDGE_CURVE('',#1078,#1079,#202,.T.);
#1347=EDGE_CURVE('',#1079,#1080,#203,.T.);
#1348=EDGE_CURVE('',#1080,#1081,#204,.T.);
#1349=EDGE_CURVE('',#1081,#1082,#205,.T.);
#1350=EDGE_CURVE('',#1082,#1069,#206,.T.);
#1351=EDGE_CURVE('',#1082,#1083,#207,.T.);
#1352=EDGE_CURVE('',#1083,#1084,#208,.T.);
#1353=EDGE_CURVE('',#1084,#1085,#209,.T.);
#1354=EDGE_CURVE('',#1070,#1085,#210,.T.);
#1355=EDGE_CURVE('',#1084,#1086,#211,.T.);
#1356=EDGE_CURVE('',#1086,#1087,#212,.T.);
#1357=EDGE_CURVE('',#1085,#1087,#213,.T.);
#1358=EDGE_CURVE('',#1088,#1071,#214,.T.);
#1359=EDGE_CURVE('',#1087,#1068,#215,.T.);
#1360=EDGE_CURVE('',#1086,#1088,#216,.T.);
#1361=EDGE_CURVE('',#1089,#1090,#933,.T.);
#1362=EDGE_CURVE('',#1090,#1091,#217,.T.);
#1363=EDGE_CURVE('',#1091,#1092,#934,.T.);
#1364=EDGE_CURVE('',#1092,#1093,#218,.T.);
#1365=EDGE_CURVE('',#1093,#1094,#935,.T.);
#1366=EDGE_CURVE('',#1094,#1095,#219,.T.);
#1367=EDGE_CURVE('',#1095,#1096,#936,.T.);
#1368=EDGE_CURVE('',#1096,#1089,#220,.T.);
#1369=EDGE_CURVE('',#1094,#1097,#221,.T.);
#1370=EDGE_CURVE('',#1097,#1098,#222,.T.);
#1371=EDGE_CURVE('',#1095,#1098,#223,.T.);
#1372=EDGE_CURVE('',#1098,#1099,#937,.T.);
#1373=EDGE_CURVE('',#1096,#1099,#224,.T.);
#1374=EDGE_CURVE('',#1099,#1100,#225,.T.);
#1375=EDGE_CURVE('',#1089,#1100,#226,.T.);
#1376=EDGE_CURVE('',#1100,#1101,#938,.T.);
#1377=EDGE_CURVE('',#1090,#1101,#227,.T.);
#1378=EDGE_CURVE('',#1081,#1102,#228,.T.);
#1379=EDGE_CURVE('',#1083,#1102,#229,.T.);
#1380=EDGE_CURVE('',#1101,#1103,#230,.T.);
#1381=EDGE_CURVE('',#1091,#1103,#231,.T.);
#1382=EDGE_CURVE('',#1103,#1104,#939,.T.);
#1383=EDGE_CURVE('',#1092,#1104,#232,.T.);
#1384=EDGE_CURVE('',#1104,#1105,#233,.T.);
#1385=EDGE_CURVE('',#1093,#1105,#234,.T.);
#1386=EDGE_CURVE('',#1105,#1097,#940,.T.);
#1387=EDGE_CURVE('',#1106,#1107,#235,.T.);
#1388=EDGE_CURVE('',#1074,#1106,#236,.T.);
#1389=EDGE_CURVE('',#1073,#1107,#237,.T.);
#1390=EDGE_CURVE('',#1108,#1106,#238,.T.);
#1391=EDGE_CURVE('',#1075,#1108,#239,.T.);
#1392=EDGE_CURVE('',#1109,#1108,#240,.T.);
#1393=EDGE_CURVE('',#1076,#1109,#241,.F.);
#1394=EDGE_CURVE('',#1107,#1110,#242,.T.);
#1395=EDGE_CURVE('',#1110,#1111,#243,.T.);
#1396=EDGE_CURVE('',#1106,#1111,#244,.T.);
#1397=EDGE_CURVE('',#1111,#1112,#245,.T.);
#1398=EDGE_CURVE('',#1112,#1108,#246,.T.);
#1399=EDGE_CURVE('',#1112,#1113,#247,.T.);
#1400=EDGE_CURVE('',#1113,#1109,#248,.T.);
#1401=EDGE_CURVE('',#1114,#1110,#249,.T.);
#1402=EDGE_CURVE('',#1115,#1114,#250,.T.);
#1403=EDGE_CURVE('',#1111,#1115,#251,.T.);
#1404=EDGE_CURVE('',#1116,#1115,#252,.T.);
#1405=EDGE_CURVE('',#1112,#1116,#253,.T.);
#1406=EDGE_CURVE('',#1117,#1113,#254,.T.);
#1407=EDGE_CURVE('',#1118,#1117,#255,.T.);
#1408=EDGE_CURVE('',#1109,#1118,#256,.F.);
#1409=EDGE_CURVE('',#1117,#1116,#257,.T.);
#1410=EDGE_CURVE('',#1114,#1119,#258,.T.);
#1411=EDGE_CURVE('',#1120,#1072,#259,.T.);
#1412=EDGE_CURVE('',#1119,#1120,#260,.T.);
#1413=EDGE_CURVE('',#1102,#1121,#261,.T.);
#1414=EDGE_CURVE('',#1121,#1122,#262,.T.);
#1415=EDGE_CURVE('',#1119,#1122,#263,.T.);
#1416=EDGE_CURVE('',#1120,#1088,#264,.T.);
#1417=EDGE_CURVE('',#1122,#1123,#265,.T.);
#1418=EDGE_CURVE('',#1123,#1115,#266,.T.);
#1419=EDGE_CURVE('',#1123,#1124,#267,.T.);
#1420=EDGE_CURVE('',#1116,#1124,#268,.T.);
#1421=EDGE_CURVE('',#1124,#1125,#269,.T.);
#1422=EDGE_CURVE('',#1118,#1125,#270,.T.);
#1423=EDGE_CURVE('',#1080,#1126,#271,.T.);
#1424=EDGE_CURVE('',#1102,#1126,#272,.T.);
#1425=EDGE_CURVE('',#1127,#1109,#273,.T.);
#1426=EDGE_CURVE('',#1077,#1127,#274,.T.);
#1427=EDGE_CURVE('',#1128,#1127,#275,.T.);
#1428=EDGE_CURVE('',#1078,#1128,#276,.T.);
#1429=EDGE_CURVE('',#1129,#1128,#277,.T.);
#1430=EDGE_CURVE('',#1079,#1129,#278,.T.);
#1431=EDGE_CURVE('',#1126,#1129,#279,.T.);
#1432=EDGE_CURVE('',#1125,#1130,#280,.T.);
#1433=EDGE_CURVE('',#1127,#1130,#281,.T.);
#1434=EDGE_CURVE('',#1130,#1131,#282,.T.);
#1435=EDGE_CURVE('',#1128,#1131,#283,.T.);
#1436=EDGE_CURVE('',#1131,#1132,#284,.T.);
#1437=EDGE_CURVE('',#1129,#1132,#285,.T.);
#1438=EDGE_CURVE('',#1132,#1133,#286,.T.);
#1439=EDGE_CURVE('',#1126,#1133,#287,.T.);
#1440=EDGE_CURVE('',#1133,#1121,#288,.T.);
#1441=EDGE_CURVE('',#1134,#1049,#289,.T.);
#1442=EDGE_CURVE('',#1050,#1135,#290,.T.);
#1443=EDGE_CURVE('',#1135,#1134,#291,.T.);
#1444=EDGE_CURVE('',#1057,#1136,#292,.T.);
#1445=EDGE_CURVE('',#1136,#1135,#293,.T.);
#1446=EDGE_CURVE('',#1056,#1137,#294,.T.);
#1447=EDGE_CURVE('',#1137,#1136,#295,.T.);
#1448=EDGE_CURVE('',#1055,#1138,#296,.T.);
#1449=EDGE_CURVE('',#1138,#1137,#297,.T.);
#1450=EDGE_CURVE('',#1054,#1139,#298,.T.);
#1451=EDGE_CURVE('',#1139,#1138,#299,.T.);
#1452=EDGE_CURVE('',#1053,#1140,#300,.T.);
#1453=EDGE_CURVE('',#1140,#1139,#301,.T.);
#1454=EDGE_CURVE('',#1052,#1141,#302,.T.);
#1455=EDGE_CURVE('',#1141,#1140,#303,.T.);
#1456=EDGE_CURVE('',#1051,#1142,#304,.T.);
#1457=EDGE_CURVE('',#1142,#1141,#305,.T.);
#1458=EDGE_CURVE('',#1134,#1142,#306,.T.);
#1459=ORIENTED_EDGE('',*,*,#1143,.F.);
#1460=ORIENTED_EDGE('',*,*,#1144,.F.);
#1461=ORIENTED_EDGE('',*,*,#1145,.F.);
#1462=ORIENTED_EDGE('',*,*,#1146,.F.);
#1463=ORIENTED_EDGE('',*,*,#1147,.F.);
#1464=ORIENTED_EDGE('',*,*,#1148,.T.);
#1465=ORIENTED_EDGE('',*,*,#1143,.T.);
#1466=ORIENTED_EDGE('',*,*,#1148,.F.);
#1467=ORIENTED_EDGE('',*,*,#1149,.F.);
#1468=ORIENTED_EDGE('',*,*,#1150,.T.);
#1469=ORIENTED_EDGE('',*,*,#1151,.F.);
#1470=ORIENTED_EDGE('',*,*,#1150,.F.);
#1471=ORIENTED_EDGE('',*,*,#1149,.T.);
#1472=ORIENTED_EDGE('',*,*,#1147,.T.);
#1473=ORIENTED_EDGE('',*,*,#1152,.T.);
#1474=ORIENTED_EDGE('',*,*,#1153,.T.);
#1475=ORIENTED_EDGE('',*,*,#1154,.T.);
#1476=ORIENTED_EDGE('',*,*,#1155,.T.);
#1477=ORIENTED_EDGE('',*,*,#1156,.T.);
#1478=ORIENTED_EDGE('',*,*,#1157,.T.);
#1479=ORIENTED_EDGE('',*,*,#1158,.T.);
#1480=ORIENTED_EDGE('',*,*,#1159,.T.);
#1481=ORIENTED_EDGE('',*,*,#1160,.T.);
#1482=ORIENTED_EDGE('',*,*,#1161,.T.);
#1483=ORIENTED_EDGE('',*,*,#1162,.T.);
#1484=ORIENTED_EDGE('',*,*,#1163,.T.);
#1485=ORIENTED_EDGE('',*,*,#1151,.T.);
#1486=ORIENTED_EDGE('',*,*,#1164,.F.);
#1487=ORIENTED_EDGE('',*,*,#1165,.T.);
#1488=ORIENTED_EDGE('',*,*,#1144,.T.);
#1489=ORIENTED_EDGE('',*,*,#1165,.F.);
#1490=ORIENTED_EDGE('',*,*,#1166,.F.);
#1491=ORIENTED_EDGE('',*,*,#1167,.T.);
#1492=ORIENTED_EDGE('',*,*,#1161,.F.);
#1493=ORIENTED_EDGE('',*,*,#1167,.F.);
#1494=ORIENTED_EDGE('',*,*,#1166,.T.);
#1495=ORIENTED_EDGE('',*,*,#1164,.T.);
#1496=ORIENTED_EDGE('',*,*,#1168,.F.);
#1497=ORIENTED_EDGE('',*,*,#1169,.T.);
#1498=ORIENTED_EDGE('',*,*,#1145,.T.);
#1499=ORIENTED_EDGE('',*,*,#1169,.F.);
#1500=ORIENTED_EDGE('',*,*,#1170,.F.);
#1501=ORIENTED_EDGE('',*,*,#1171,.T.);
#1502=ORIENTED_EDGE('',*,*,#1163,.F.);
#1503=ORIENTED_EDGE('',*,*,#1171,.F.);
#1504=ORIENTED_EDGE('',*,*,#1170,.T.);
#1505=ORIENTED_EDGE('',*,*,#1168,.T.);
#1506=ORIENTED_EDGE('',*,*,#1172,.F.);
#1507=ORIENTED_EDGE('',*,*,#1173,.T.);
#1508=ORIENTED_EDGE('',*,*,#1146,.T.);
#1509=ORIENTED_EDGE('',*,*,#1173,.F.);
#1510=ORIENTED_EDGE('',*,*,#1174,.F.);
#1511=ORIENTED_EDGE('',*,*,#1175,.T.);
#1512=ORIENTED_EDGE('',*,*,#1162,.F.);
#1513=ORIENTED_EDGE('',*,*,#1175,.F.);
#1514=ORIENTED_EDGE('',*,*,#1174,.T.);
#1515=ORIENTED_EDGE('',*,*,#1172,.T.);
#1516=ORIENTED_EDGE('',*,*,#1176,.T.);
#1517=ORIENTED_EDGE('',*,*,#1177,.T.);
#1518=ORIENTED_EDGE('',*,*,#1178,.F.);
#1519=ORIENTED_EDGE('',*,*,#1179,.T.);
#1520=ORIENTED_EDGE('',*,*,#1180,.F.);
#1521=ORIENTED_EDGE('',*,*,#1179,.F.);
#1522=ORIENTED_EDGE('',*,*,#1181,.F.);
#1523=ORIENTED_EDGE('',*,*,#1182,.F.);
#1524=ORIENTED_EDGE('',*,*,#1183,.F.);
#1525=ORIENTED_EDGE('',*,*,#1184,.F.);
#1526=ORIENTED_EDGE('',*,*,#1185,.F.);
#1527=ORIENTED_EDGE('',*,*,#1186,.F.);
#1528=ORIENTED_EDGE('',*,*,#1187,.F.);
#1529=ORIENTED_EDGE('',*,*,#1188,.F.);
#1530=ORIENTED_EDGE('',*,*,#1189,.F.);
#1531=ORIENTED_EDGE('',*,*,#1190,.F.);
#1532=ORIENTED_EDGE('',*,*,#1191,.F.);
#1533=ORIENTED_EDGE('',*,*,#1192,.F.);
#1534=ORIENTED_EDGE('',*,*,#1193,.F.);
#1535=ORIENTED_EDGE('',*,*,#1181,.T.);
#1536=ORIENTED_EDGE('',*,*,#1178,.T.);
#1537=ORIENTED_EDGE('',*,*,#1194,.T.);
#1538=ORIENTED_EDGE('',*,*,#1195,.F.);
#1539=ORIENTED_EDGE('',*,*,#1196,.F.);
#1540=ORIENTED_EDGE('',*,*,#1197,.F.);
#1541=ORIENTED_EDGE('',*,*,#1195,.T.);
#1542=ORIENTED_EDGE('',*,*,#1198,.T.);
#1543=ORIENTED_EDGE('',*,*,#1199,.F.);
#1544=ORIENTED_EDGE('',*,*,#1200,.F.);
#1545=ORIENTED_EDGE('',*,*,#1201,.F.);
#1546=ORIENTED_EDGE('',*,*,#1199,.T.);
#1547=ORIENTED_EDGE('',*,*,#1202,.T.);
#1548=ORIENTED_EDGE('',*,*,#1176,.F.);
#1549=ORIENTED_EDGE('',*,*,#1180,.T.);
#1550=ORIENTED_EDGE('',*,*,#1177,.F.);
#1551=ORIENTED_EDGE('',*,*,#1202,.F.);
#1552=ORIENTED_EDGE('',*,*,#1198,.F.);
#1553=ORIENTED_EDGE('',*,*,#1194,.F.);
#1554=ORIENTED_EDGE('',*,*,#1203,.F.);
#1555=ORIENTED_EDGE('',*,*,#1204,.F.);
#1556=ORIENTED_EDGE('',*,*,#1205,.F.);
#1557=ORIENTED_EDGE('',*,*,#1206,.F.);
#1558=ORIENTED_EDGE('',*,*,#1207,.F.);
#1559=ORIENTED_EDGE('',*,*,#1208,.F.);
#1560=ORIENTED_EDGE('',*,*,#1209,.F.);
#1561=ORIENTED_EDGE('',*,*,#1210,.F.);
#1562=ORIENTED_EDGE('',*,*,#1206,.T.);
#1563=ORIENTED_EDGE('',*,*,#1211,.T.);
#1564=ORIENTED_EDGE('',*,*,#1212,.F.);
#1565=ORIENTED_EDGE('',*,*,#1213,.F.);
#1566=ORIENTED_EDGE('',*,*,#1205,.T.);
#1567=ORIENTED_EDGE('',*,*,#1214,.T.);
#1568=ORIENTED_EDGE('',*,*,#1215,.F.);
#1569=ORIENTED_EDGE('',*,*,#1211,.F.);
#1570=ORIENTED_EDGE('',*,*,#1204,.T.);
#1571=ORIENTED_EDGE('',*,*,#1216,.T.);
#1572=ORIENTED_EDGE('',*,*,#1217,.F.);
#1573=ORIENTED_EDGE('',*,*,#1214,.F.);
#1574=ORIENTED_EDGE('',*,*,#1203,.T.);
#1575=ORIENTED_EDGE('',*,*,#1218,.T.);
#1576=ORIENTED_EDGE('',*,*,#1219,.F.);
#1577=ORIENTED_EDGE('',*,*,#1216,.F.);
#1578=ORIENTED_EDGE('',*,*,#1193,.T.);
#1579=ORIENTED_EDGE('',*,*,#1220,.T.);
#1580=ORIENTED_EDGE('',*,*,#1221,.F.);
#1581=ORIENTED_EDGE('',*,*,#1182,.T.);
#1582=ORIENTED_EDGE('',*,*,#1210,.T.);
#1583=ORIENTED_EDGE('',*,*,#1222,.T.);
#1584=ORIENTED_EDGE('',*,*,#1223,.F.);
#1585=ORIENTED_EDGE('',*,*,#1218,.F.);
#1586=ORIENTED_EDGE('',*,*,#1209,.T.);
#1587=ORIENTED_EDGE('',*,*,#1224,.T.);
#1588=ORIENTED_EDGE('',*,*,#1225,.F.);
#1589=ORIENTED_EDGE('',*,*,#1222,.F.);
#1590=ORIENTED_EDGE('',*,*,#1208,.T.);
#1591=ORIENTED_EDGE('',*,*,#1226,.T.);
#1592=ORIENTED_EDGE('',*,*,#1227,.F.);
#1593=ORIENTED_EDGE('',*,*,#1224,.F.);
#1594=ORIENTED_EDGE('',*,*,#1207,.T.);
#1595=ORIENTED_EDGE('',*,*,#1213,.T.);
#1596=ORIENTED_EDGE('',*,*,#1228,.F.);
#1597=ORIENTED_EDGE('',*,*,#1226,.F.);
#1598=ORIENTED_EDGE('',*,*,#1229,.T.);
#1599=ORIENTED_EDGE('',*,*,#1230,.F.);
#1600=ORIENTED_EDGE('',*,*,#1190,.T.);
#1601=ORIENTED_EDGE('',*,*,#1231,.T.);
#1602=ORIENTED_EDGE('',*,*,#1189,.T.);
#1603=ORIENTED_EDGE('',*,*,#1232,.T.);
#1604=ORIENTED_EDGE('',*,*,#1233,.T.);
#1605=ORIENTED_EDGE('',*,*,#1231,.F.);
#1606=ORIENTED_EDGE('',*,*,#1188,.T.);
#1607=ORIENTED_EDGE('',*,*,#1234,.T.);
#1608=ORIENTED_EDGE('',*,*,#1235,.T.);
#1609=ORIENTED_EDGE('',*,*,#1232,.F.);
#1610=ORIENTED_EDGE('',*,*,#1229,.F.);
#1611=ORIENTED_EDGE('',*,*,#1236,.T.);
#1612=ORIENTED_EDGE('',*,*,#1237,.F.);
#1613=ORIENTED_EDGE('',*,*,#1238,.F.);
#1614=ORIENTED_EDGE('',*,*,#1233,.F.);
#1615=ORIENTED_EDGE('',*,*,#1239,.F.);
#1616=ORIENTED_EDGE('',*,*,#1240,.F.);
#1617=ORIENTED_EDGE('',*,*,#1236,.F.);
#1618=ORIENTED_EDGE('',*,*,#1235,.F.);
#1619=ORIENTED_EDGE('',*,*,#1241,.F.);
#1620=ORIENTED_EDGE('',*,*,#1242,.F.);
#1621=ORIENTED_EDGE('',*,*,#1239,.T.);
#1622=ORIENTED_EDGE('',*,*,#1237,.T.);
#1623=ORIENTED_EDGE('',*,*,#1243,.T.);
#1624=ORIENTED_EDGE('',*,*,#1244,.T.);
#1625=ORIENTED_EDGE('',*,*,#1245,.T.);
#1626=ORIENTED_EDGE('',*,*,#1240,.T.);
#1627=ORIENTED_EDGE('',*,*,#1246,.T.);
#1628=ORIENTED_EDGE('',*,*,#1247,.T.);
#1629=ORIENTED_EDGE('',*,*,#1243,.F.);
#1630=ORIENTED_EDGE('',*,*,#1241,.T.);
#1631=ORIENTED_EDGE('',*,*,#1248,.T.);
#1632=ORIENTED_EDGE('',*,*,#1249,.T.);
#1633=ORIENTED_EDGE('',*,*,#1250,.T.);
#1634=ORIENTED_EDGE('',*,*,#1242,.T.);
#1635=ORIENTED_EDGE('',*,*,#1250,.F.);
#1636=ORIENTED_EDGE('',*,*,#1251,.T.);
#1637=ORIENTED_EDGE('',*,*,#1246,.F.);
#1638=ORIENTED_EDGE('',*,*,#1252,.T.);
#1639=ORIENTED_EDGE('',*,*,#1253,.T.);
#1640=ORIENTED_EDGE('',*,*,#1254,.T.);
#1641=ORIENTED_EDGE('',*,*,#1191,.T.);
#1642=ORIENTED_EDGE('',*,*,#1230,.T.);
#1643=ORIENTED_EDGE('',*,*,#1238,.T.);
#1644=ORIENTED_EDGE('',*,*,#1245,.F.);
#1645=ORIENTED_EDGE('',*,*,#1201,.T.);
#1646=ORIENTED_EDGE('',*,*,#1255,.F.);
#1647=ORIENTED_EDGE('',*,*,#1253,.F.);
#1648=ORIENTED_EDGE('',*,*,#1256,.T.);
#1649=ORIENTED_EDGE('',*,*,#1257,.F.);
#1650=ORIENTED_EDGE('',*,*,#1258,.F.);
#1651=ORIENTED_EDGE('',*,*,#1220,.F.);
#1652=ORIENTED_EDGE('',*,*,#1196,.T.);
#1653=ORIENTED_EDGE('',*,*,#1197,.T.);
#1654=ORIENTED_EDGE('',*,*,#1252,.F.);
#1655=ORIENTED_EDGE('',*,*,#1244,.F.);
#1656=ORIENTED_EDGE('',*,*,#1259,.F.);
#1657=ORIENTED_EDGE('',*,*,#1260,.F.);
#1658=ORIENTED_EDGE('',*,*,#1256,.F.);
#1659=ORIENTED_EDGE('',*,*,#1247,.F.);
#1660=ORIENTED_EDGE('',*,*,#1261,.T.);
#1661=ORIENTED_EDGE('',*,*,#1262,.F.);
#1662=ORIENTED_EDGE('',*,*,#1259,.T.);
#1663=ORIENTED_EDGE('',*,*,#1251,.F.);
#1664=ORIENTED_EDGE('',*,*,#1249,.F.);
#1665=ORIENTED_EDGE('',*,*,#1263,.T.);
#1666=ORIENTED_EDGE('',*,*,#1264,.F.);
#1667=ORIENTED_EDGE('',*,*,#1261,.F.);
#1668=ORIENTED_EDGE('',*,*,#1183,.T.);
#1669=ORIENTED_EDGE('',*,*,#1221,.T.);
#1670=ORIENTED_EDGE('',*,*,#1265,.T.);
#1671=ORIENTED_EDGE('',*,*,#1266,.F.);
#1672=ORIENTED_EDGE('',*,*,#1200,.T.);
#1673=ORIENTED_EDGE('',*,*,#1192,.T.);
#1674=ORIENTED_EDGE('',*,*,#1254,.F.);
#1675=ORIENTED_EDGE('',*,*,#1255,.T.);
#1676=ORIENTED_EDGE('',*,*,#1267,.T.);
#1677=ORIENTED_EDGE('',*,*,#1234,.F.);
#1678=ORIENTED_EDGE('',*,*,#1187,.T.);
#1679=ORIENTED_EDGE('',*,*,#1268,.T.);
#1680=ORIENTED_EDGE('',*,*,#1269,.T.);
#1681=ORIENTED_EDGE('',*,*,#1268,.F.);
#1682=ORIENTED_EDGE('',*,*,#1186,.T.);
#1683=ORIENTED_EDGE('',*,*,#1270,.T.);
#1684=ORIENTED_EDGE('',*,*,#1271,.T.);
#1685=ORIENTED_EDGE('',*,*,#1270,.F.);
#1686=ORIENTED_EDGE('',*,*,#1185,.T.);
#1687=ORIENTED_EDGE('',*,*,#1272,.T.);
#1688=ORIENTED_EDGE('',*,*,#1273,.T.);
#1689=ORIENTED_EDGE('',*,*,#1272,.F.);
#1690=ORIENTED_EDGE('',*,*,#1184,.T.);
#1691=ORIENTED_EDGE('',*,*,#1266,.T.);
#1692=ORIENTED_EDGE('',*,*,#1267,.F.);
#1693=ORIENTED_EDGE('',*,*,#1274,.T.);
#1694=ORIENTED_EDGE('',*,*,#1275,.F.);
#1695=ORIENTED_EDGE('',*,*,#1263,.F.);
#1696=ORIENTED_EDGE('',*,*,#1248,.F.);
#1697=ORIENTED_EDGE('',*,*,#1269,.F.);
#1698=ORIENTED_EDGE('',*,*,#1276,.T.);
#1699=ORIENTED_EDGE('',*,*,#1277,.F.);
#1700=ORIENTED_EDGE('',*,*,#1274,.F.);
#1701=ORIENTED_EDGE('',*,*,#1271,.F.);
#1702=ORIENTED_EDGE('',*,*,#1278,.T.);
#1703=ORIENTED_EDGE('',*,*,#1279,.F.);
#1704=ORIENTED_EDGE('',*,*,#1276,.F.);
#1705=ORIENTED_EDGE('',*,*,#1273,.F.);
#1706=ORIENTED_EDGE('',*,*,#1280,.T.);
#1707=ORIENTED_EDGE('',*,*,#1281,.F.);
#1708=ORIENTED_EDGE('',*,*,#1278,.F.);
#1709=ORIENTED_EDGE('',*,*,#1265,.F.);
#1710=ORIENTED_EDGE('',*,*,#1258,.T.);
#1711=ORIENTED_EDGE('',*,*,#1282,.F.);
#1712=ORIENTED_EDGE('',*,*,#1280,.F.);
#1713=ORIENTED_EDGE('',*,*,#1283,.F.);
#1714=ORIENTED_EDGE('',*,*,#1284,.F.);
#1715=ORIENTED_EDGE('',*,*,#1285,.F.);
#1716=ORIENTED_EDGE('',*,*,#1152,.F.);
#1717=ORIENTED_EDGE('',*,*,#1285,.T.);
#1718=ORIENTED_EDGE('',*,*,#1286,.F.);
#1719=ORIENTED_EDGE('',*,*,#1287,.F.);
#1720=ORIENTED_EDGE('',*,*,#1153,.F.);
#1721=ORIENTED_EDGE('',*,*,#1287,.T.);
#1722=ORIENTED_EDGE('',*,*,#1288,.F.);
#1723=ORIENTED_EDGE('',*,*,#1289,.F.);
#1724=ORIENTED_EDGE('',*,*,#1154,.F.);
#1725=ORIENTED_EDGE('',*,*,#1289,.T.);
#1726=ORIENTED_EDGE('',*,*,#1290,.F.);
#1727=ORIENTED_EDGE('',*,*,#1291,.F.);
#1728=ORIENTED_EDGE('',*,*,#1155,.F.);
#1729=ORIENTED_EDGE('',*,*,#1291,.T.);
#1730=ORIENTED_EDGE('',*,*,#1292,.F.);
#1731=ORIENTED_EDGE('',*,*,#1293,.F.);
#1732=ORIENTED_EDGE('',*,*,#1156,.F.);
#1733=ORIENTED_EDGE('',*,*,#1293,.T.);
#1734=ORIENTED_EDGE('',*,*,#1294,.F.);
#1735=ORIENTED_EDGE('',*,*,#1295,.F.);
#1736=ORIENTED_EDGE('',*,*,#1157,.F.);
#1737=ORIENTED_EDGE('',*,*,#1295,.T.);
#1738=ORIENTED_EDGE('',*,*,#1296,.F.);
#1739=ORIENTED_EDGE('',*,*,#1297,.F.);
#1740=ORIENTED_EDGE('',*,*,#1158,.F.);
#1741=ORIENTED_EDGE('',*,*,#1223,.T.);
#1742=ORIENTED_EDGE('',*,*,#1225,.T.);
#1743=ORIENTED_EDGE('',*,*,#1227,.T.);
#1744=ORIENTED_EDGE('',*,*,#1228,.T.);
#1745=ORIENTED_EDGE('',*,*,#1212,.T.);
#1746=ORIENTED_EDGE('',*,*,#1215,.T.);
#1747=ORIENTED_EDGE('',*,*,#1217,.T.);
#1748=ORIENTED_EDGE('',*,*,#1219,.T.);
#1749=ORIENTED_EDGE('',*,*,#1297,.T.);
#1750=ORIENTED_EDGE('',*,*,#1298,.F.);
#1751=ORIENTED_EDGE('',*,*,#1299,.F.);
#1752=ORIENTED_EDGE('',*,*,#1159,.F.);
#1753=ORIENTED_EDGE('',*,*,#1299,.T.);
#1754=ORIENTED_EDGE('',*,*,#1300,.F.);
#1755=ORIENTED_EDGE('',*,*,#1283,.T.);
#1756=ORIENTED_EDGE('',*,*,#1160,.F.);
#1757=ORIENTED_EDGE('',*,*,#1262,.T.);
#1758=ORIENTED_EDGE('',*,*,#1264,.T.);
#1759=ORIENTED_EDGE('',*,*,#1275,.T.);
#1760=ORIENTED_EDGE('',*,*,#1277,.T.);
#1761=ORIENTED_EDGE('',*,*,#1279,.T.);
#1762=ORIENTED_EDGE('',*,*,#1281,.T.);
#1763=ORIENTED_EDGE('',*,*,#1282,.T.);
#1764=ORIENTED_EDGE('',*,*,#1257,.T.);
#1765=ORIENTED_EDGE('',*,*,#1260,.T.);
#1766=ORIENTED_EDGE('',*,*,#1300,.T.);
#1767=ORIENTED_EDGE('',*,*,#1298,.T.);
#1768=ORIENTED_EDGE('',*,*,#1296,.T.);
#1769=ORIENTED_EDGE('',*,*,#1294,.T.);
#1770=ORIENTED_EDGE('',*,*,#1292,.T.);
#1771=ORIENTED_EDGE('',*,*,#1290,.T.);
#1772=ORIENTED_EDGE('',*,*,#1288,.T.);
#1773=ORIENTED_EDGE('',*,*,#1286,.T.);
#1774=ORIENTED_EDGE('',*,*,#1284,.T.);
#1775=ORIENTED_EDGE('',*,*,#1301,.T.);
#1776=ORIENTED_EDGE('',*,*,#1302,.T.);
#1777=ORIENTED_EDGE('',*,*,#1303,.T.);
#1778=ORIENTED_EDGE('',*,*,#1304,.T.);
#1779=ORIENTED_EDGE('',*,*,#1305,.T.);
#1780=ORIENTED_EDGE('',*,*,#1306,.T.);
#1781=ORIENTED_EDGE('',*,*,#1301,.F.);
#1782=ORIENTED_EDGE('',*,*,#1306,.F.);
#1783=ORIENTED_EDGE('',*,*,#1307,.T.);
#1784=ORIENTED_EDGE('',*,*,#1308,.T.);
#1785=ORIENTED_EDGE('',*,*,#1309,.T.);
#1786=ORIENTED_EDGE('',*,*,#1308,.F.);
#1787=ORIENTED_EDGE('',*,*,#1307,.F.);
#1788=ORIENTED_EDGE('',*,*,#1305,.F.);
#1789=ORIENTED_EDGE('',*,*,#1310,.F.);
#1790=ORIENTED_EDGE('',*,*,#1311,.F.);
#1791=ORIENTED_EDGE('',*,*,#1312,.F.);
#1792=ORIENTED_EDGE('',*,*,#1313,.F.);
#1793=ORIENTED_EDGE('',*,*,#1314,.F.);
#1794=ORIENTED_EDGE('',*,*,#1315,.F.);
#1795=ORIENTED_EDGE('',*,*,#1316,.F.);
#1796=ORIENTED_EDGE('',*,*,#1317,.F.);
#1797=ORIENTED_EDGE('',*,*,#1318,.F.);
#1798=ORIENTED_EDGE('',*,*,#1319,.F.);
#1799=ORIENTED_EDGE('',*,*,#1320,.F.);
#1800=ORIENTED_EDGE('',*,*,#1321,.F.);
#1801=ORIENTED_EDGE('',*,*,#1309,.F.);
#1802=ORIENTED_EDGE('',*,*,#1322,.T.);
#1803=ORIENTED_EDGE('',*,*,#1323,.T.);
#1804=ORIENTED_EDGE('',*,*,#1302,.F.);
#1805=ORIENTED_EDGE('',*,*,#1323,.F.);
#1806=ORIENTED_EDGE('',*,*,#1324,.T.);
#1807=ORIENTED_EDGE('',*,*,#1325,.T.);
#1808=ORIENTED_EDGE('',*,*,#1319,.T.);
#1809=ORIENTED_EDGE('',*,*,#1325,.F.);
#1810=ORIENTED_EDGE('',*,*,#1324,.F.);
#1811=ORIENTED_EDGE('',*,*,#1322,.F.);
#1812=ORIENTED_EDGE('',*,*,#1326,.T.);
#1813=ORIENTED_EDGE('',*,*,#1327,.T.);
#1814=ORIENTED_EDGE('',*,*,#1303,.F.);
#1815=ORIENTED_EDGE('',*,*,#1327,.F.);
#1816=ORIENTED_EDGE('',*,*,#1328,.T.);
#1817=ORIENTED_EDGE('',*,*,#1329,.T.);
#1818=ORIENTED_EDGE('',*,*,#1321,.T.);
#1819=ORIENTED_EDGE('',*,*,#1329,.F.);
#1820=ORIENTED_EDGE('',*,*,#1328,.F.);
#1821=ORIENTED_EDGE('',*,*,#1326,.F.);
#1822=ORIENTED_EDGE('',*,*,#1330,.T.);
#1823=ORIENTED_EDGE('',*,*,#1331,.T.);
#1824=ORIENTED_EDGE('',*,*,#1304,.F.);
#1825=ORIENTED_EDGE('',*,*,#1331,.F.);
#1826=ORIENTED_EDGE('',*,*,#1332,.T.);
#1827=ORIENTED_EDGE('',*,*,#1333,.T.);
#1828=ORIENTED_EDGE('',*,*,#1320,.T.);
#1829=ORIENTED_EDGE('',*,*,#1333,.F.);
#1830=ORIENTED_EDGE('',*,*,#1332,.F.);
#1831=ORIENTED_EDGE('',*,*,#1330,.F.);
#1832=ORIENTED_EDGE('',*,*,#1334,.F.);
#1833=ORIENTED_EDGE('',*,*,#1335,.F.);
#1834=ORIENTED_EDGE('',*,*,#1336,.T.);
#1835=ORIENTED_EDGE('',*,*,#1337,.F.);
#1836=ORIENTED_EDGE('',*,*,#1338,.T.);
#1837=ORIENTED_EDGE('',*,*,#1339,.T.);
#1838=ORIENTED_EDGE('',*,*,#1340,.T.);
#1839=ORIENTED_EDGE('',*,*,#1341,.T.);
#1840=ORIENTED_EDGE('',*,*,#1342,.T.);
#1841=ORIENTED_EDGE('',*,*,#1343,.T.);
#1842=ORIENTED_EDGE('',*,*,#1344,.T.);
#1843=ORIENTED_EDGE('',*,*,#1345,.T.);
#1844=ORIENTED_EDGE('',*,*,#1346,.T.);
#1845=ORIENTED_EDGE('',*,*,#1347,.T.);
#1846=ORIENTED_EDGE('',*,*,#1348,.T.);
#1847=ORIENTED_EDGE('',*,*,#1349,.T.);
#1848=ORIENTED_EDGE('',*,*,#1350,.T.);
#1849=ORIENTED_EDGE('',*,*,#1335,.T.);
#1850=ORIENTED_EDGE('',*,*,#1351,.T.);
#1851=ORIENTED_EDGE('',*,*,#1352,.T.);
#1852=ORIENTED_EDGE('',*,*,#1353,.T.);
#1853=ORIENTED_EDGE('',*,*,#1354,.F.);
#1854=ORIENTED_EDGE('',*,*,#1336,.F.);
#1855=ORIENTED_EDGE('',*,*,#1350,.F.);
#1856=ORIENTED_EDGE('',*,*,#1355,.T.);
#1857=ORIENTED_EDGE('',*,*,#1356,.T.);
#1858=ORIENTED_EDGE('',*,*,#1357,.F.);
#1859=ORIENTED_EDGE('',*,*,#1353,.F.);
#1860=ORIENTED_EDGE('',*,*,#1358,.T.);
#1861=ORIENTED_EDGE('',*,*,#1338,.F.);
#1862=ORIENTED_EDGE('',*,*,#1334,.T.);
#1863=ORIENTED_EDGE('',*,*,#1359,.F.);
#1864=ORIENTED_EDGE('',*,*,#1356,.F.);
#1865=ORIENTED_EDGE('',*,*,#1360,.T.);
#1866=ORIENTED_EDGE('',*,*,#1337,.T.);
#1867=ORIENTED_EDGE('',*,*,#1354,.T.);
#1868=ORIENTED_EDGE('',*,*,#1357,.T.);
#1869=ORIENTED_EDGE('',*,*,#1359,.T.);
#1870=ORIENTED_EDGE('',*,*,#1361,.T.);
#1871=ORIENTED_EDGE('',*,*,#1362,.T.);
#1872=ORIENTED_EDGE('',*,*,#1363,.T.);
#1873=ORIENTED_EDGE('',*,*,#1364,.T.);
#1874=ORIENTED_EDGE('',*,*,#1365,.T.);
#1875=ORIENTED_EDGE('',*,*,#1366,.T.);
#1876=ORIENTED_EDGE('',*,*,#1367,.T.);
#1877=ORIENTED_EDGE('',*,*,#1368,.T.);
#1878=ORIENTED_EDGE('',*,*,#1366,.F.);
#1879=ORIENTED_EDGE('',*,*,#1369,.T.);
#1880=ORIENTED_EDGE('',*,*,#1370,.T.);
#1881=ORIENTED_EDGE('',*,*,#1371,.F.);
#1882=ORIENTED_EDGE('',*,*,#1367,.F.);
#1883=ORIENTED_EDGE('',*,*,#1371,.T.);
#1884=ORIENTED_EDGE('',*,*,#1372,.T.);
#1885=ORIENTED_EDGE('',*,*,#1373,.F.);
#1886=ORIENTED_EDGE('',*,*,#1368,.F.);
#1887=ORIENTED_EDGE('',*,*,#1373,.T.);
#1888=ORIENTED_EDGE('',*,*,#1374,.T.);
#1889=ORIENTED_EDGE('',*,*,#1375,.F.);
#1890=ORIENTED_EDGE('',*,*,#1361,.F.);
#1891=ORIENTED_EDGE('',*,*,#1375,.T.);
#1892=ORIENTED_EDGE('',*,*,#1376,.T.);
#1893=ORIENTED_EDGE('',*,*,#1377,.F.);
#1894=ORIENTED_EDGE('',*,*,#1351,.F.);
#1895=ORIENTED_EDGE('',*,*,#1349,.F.);
#1896=ORIENTED_EDGE('',*,*,#1378,.T.);
#1897=ORIENTED_EDGE('',*,*,#1379,.F.);
#1898=ORIENTED_EDGE('',*,*,#1362,.F.);
#1899=ORIENTED_EDGE('',*,*,#1377,.T.);
#1900=ORIENTED_EDGE('',*,*,#1380,.T.);
#1901=ORIENTED_EDGE('',*,*,#1381,.F.);
#1902=ORIENTED_EDGE('',*,*,#1363,.F.);
#1903=ORIENTED_EDGE('',*,*,#1381,.T.);
#1904=ORIENTED_EDGE('',*,*,#1382,.T.);
#1905=ORIENTED_EDGE('',*,*,#1383,.F.);
#1906=ORIENTED_EDGE('',*,*,#1364,.F.);
#1907=ORIENTED_EDGE('',*,*,#1383,.T.);
#1908=ORIENTED_EDGE('',*,*,#1384,.T.);
#1909=ORIENTED_EDGE('',*,*,#1385,.F.);
#1910=ORIENTED_EDGE('',*,*,#1365,.F.);
#1911=ORIENTED_EDGE('',*,*,#1385,.T.);
#1912=ORIENTED_EDGE('',*,*,#1386,.T.);
#1913=ORIENTED_EDGE('',*,*,#1369,.F.);
#1914=ORIENTED_EDGE('',*,*,#1387,.F.);
#1915=ORIENTED_EDGE('',*,*,#1388,.F.);
#1916=ORIENTED_EDGE('',*,*,#1341,.F.);
#1917=ORIENTED_EDGE('',*,*,#1389,.T.);
#1918=ORIENTED_EDGE('',*,*,#1342,.F.);
#1919=ORIENTED_EDGE('',*,*,#1388,.T.);
#1920=ORIENTED_EDGE('',*,*,#1390,.F.);
#1921=ORIENTED_EDGE('',*,*,#1391,.F.);
#1922=ORIENTED_EDGE('',*,*,#1343,.F.);
#1923=ORIENTED_EDGE('',*,*,#1391,.T.);
#1924=ORIENTED_EDGE('',*,*,#1392,.F.);
#1925=ORIENTED_EDGE('',*,*,#1393,.F.);
#1926=ORIENTED_EDGE('',*,*,#1387,.T.);
#1927=ORIENTED_EDGE('',*,*,#1394,.T.);
#1928=ORIENTED_EDGE('',*,*,#1395,.T.);
#1929=ORIENTED_EDGE('',*,*,#1396,.F.);
#1930=ORIENTED_EDGE('',*,*,#1390,.T.);
#1931=ORIENTED_EDGE('',*,*,#1396,.T.);
#1932=ORIENTED_EDGE('',*,*,#1397,.T.);
#1933=ORIENTED_EDGE('',*,*,#1398,.T.);
#1934=ORIENTED_EDGE('',*,*,#1392,.T.);
#1935=ORIENTED_EDGE('',*,*,#1398,.F.);
#1936=ORIENTED_EDGE('',*,*,#1399,.T.);
#1937=ORIENTED_EDGE('',*,*,#1400,.T.);
#1938=ORIENTED_EDGE('',*,*,#1395,.F.);
#1939=ORIENTED_EDGE('',*,*,#1401,.F.);
#1940=ORIENTED_EDGE('',*,*,#1402,.F.);
#1941=ORIENTED_EDGE('',*,*,#1403,.F.);
#1942=ORIENTED_EDGE('',*,*,#1397,.F.);
#1943=ORIENTED_EDGE('',*,*,#1403,.T.);
#1944=ORIENTED_EDGE('',*,*,#1404,.F.);
#1945=ORIENTED_EDGE('',*,*,#1405,.F.);
#1946=ORIENTED_EDGE('',*,*,#1400,.F.);
#1947=ORIENTED_EDGE('',*,*,#1406,.F.);
#1948=ORIENTED_EDGE('',*,*,#1407,.F.);
#1949=ORIENTED_EDGE('',*,*,#1408,.F.);
#1950=ORIENTED_EDGE('',*,*,#1399,.F.);
#1951=ORIENTED_EDGE('',*,*,#1405,.T.);
#1952=ORIENTED_EDGE('',*,*,#1409,.F.);
#1953=ORIENTED_EDGE('',*,*,#1406,.T.);
#1954=ORIENTED_EDGE('',*,*,#1410,.F.);
#1955=ORIENTED_EDGE('',*,*,#1401,.T.);
#1956=ORIENTED_EDGE('',*,*,#1394,.F.);
#1957=ORIENTED_EDGE('',*,*,#1389,.F.);
#1958=ORIENTED_EDGE('',*,*,#1340,.F.);
#1959=ORIENTED_EDGE('',*,*,#1411,.F.);
#1960=ORIENTED_EDGE('',*,*,#1412,.F.);
#1961=ORIENTED_EDGE('',*,*,#1360,.F.);
#1962=ORIENTED_EDGE('',*,*,#1355,.F.);
#1963=ORIENTED_EDGE('',*,*,#1352,.F.);
#1964=ORIENTED_EDGE('',*,*,#1379,.T.);
#1965=ORIENTED_EDGE('',*,*,#1413,.T.);
#1966=ORIENTED_EDGE('',*,*,#1414,.T.);
#1967=ORIENTED_EDGE('',*,*,#1415,.F.);
#1968=ORIENTED_EDGE('',*,*,#1412,.T.);
#1969=ORIENTED_EDGE('',*,*,#1416,.T.);
#1970=ORIENTED_EDGE('',*,*,#1410,.T.);
#1971=ORIENTED_EDGE('',*,*,#1415,.T.);
#1972=ORIENTED_EDGE('',*,*,#1417,.T.);
#1973=ORIENTED_EDGE('',*,*,#1418,.T.);
#1974=ORIENTED_EDGE('',*,*,#1402,.T.);
#1975=ORIENTED_EDGE('',*,*,#1404,.T.);
#1976=ORIENTED_EDGE('',*,*,#1418,.F.);
#1977=ORIENTED_EDGE('',*,*,#1419,.T.);
#1978=ORIENTED_EDGE('',*,*,#1420,.F.);
#1979=ORIENTED_EDGE('',*,*,#1409,.T.);
#1980=ORIENTED_EDGE('',*,*,#1420,.T.);
#1981=ORIENTED_EDGE('',*,*,#1421,.T.);
#1982=ORIENTED_EDGE('',*,*,#1422,.F.);
#1983=ORIENTED_EDGE('',*,*,#1407,.T.);
#1984=ORIENTED_EDGE('',*,*,#1348,.F.);
#1985=ORIENTED_EDGE('',*,*,#1423,.T.);
#1986=ORIENTED_EDGE('',*,*,#1424,.F.);
#1987=ORIENTED_EDGE('',*,*,#1378,.F.);
#1988=ORIENTED_EDGE('',*,*,#1358,.F.);
#1989=ORIENTED_EDGE('',*,*,#1416,.F.);
#1990=ORIENTED_EDGE('',*,*,#1411,.T.);
#1991=ORIENTED_EDGE('',*,*,#1339,.F.);
#1992=ORIENTED_EDGE('',*,*,#1425,.F.);
#1993=ORIENTED_EDGE('',*,*,#1426,.F.);
#1994=ORIENTED_EDGE('',*,*,#1344,.F.);
#1995=ORIENTED_EDGE('',*,*,#1393,.T.);
#1996=ORIENTED_EDGE('',*,*,#1427,.F.);
#1997=ORIENTED_EDGE('',*,*,#1428,.F.);
#1998=ORIENTED_EDGE('',*,*,#1345,.F.);
#1999=ORIENTED_EDGE('',*,*,#1426,.T.);
#2000=ORIENTED_EDGE('',*,*,#1429,.F.);
#2001=ORIENTED_EDGE('',*,*,#1430,.F.);
#2002=ORIENTED_EDGE('',*,*,#1346,.F.);
#2003=ORIENTED_EDGE('',*,*,#1428,.T.);
#2004=ORIENTED_EDGE('',*,*,#1431,.F.);
#2005=ORIENTED_EDGE('',*,*,#1423,.F.);
#2006=ORIENTED_EDGE('',*,*,#1347,.F.);
#2007=ORIENTED_EDGE('',*,*,#1430,.T.);
#2008=ORIENTED_EDGE('',*,*,#1425,.T.);
#2009=ORIENTED_EDGE('',*,*,#1408,.T.);
#2010=ORIENTED_EDGE('',*,*,#1422,.T.);
#2011=ORIENTED_EDGE('',*,*,#1432,.T.);
#2012=ORIENTED_EDGE('',*,*,#1433,.F.);
#2013=ORIENTED_EDGE('',*,*,#1427,.T.);
#2014=ORIENTED_EDGE('',*,*,#1433,.T.);
#2015=ORIENTED_EDGE('',*,*,#1434,.T.);
#2016=ORIENTED_EDGE('',*,*,#1435,.F.);
#2017=ORIENTED_EDGE('',*,*,#1429,.T.);
#2018=ORIENTED_EDGE('',*,*,#1435,.T.);
#2019=ORIENTED_EDGE('',*,*,#1436,.T.);
#2020=ORIENTED_EDGE('',*,*,#1437,.F.);
#2021=ORIENTED_EDGE('',*,*,#1431,.T.);
#2022=ORIENTED_EDGE('',*,*,#1437,.T.);
#2023=ORIENTED_EDGE('',*,*,#1438,.T.);
#2024=ORIENTED_EDGE('',*,*,#1439,.F.);
#2025=ORIENTED_EDGE('',*,*,#1424,.T.);
#2026=ORIENTED_EDGE('',*,*,#1439,.T.);
#2027=ORIENTED_EDGE('',*,*,#1440,.T.);
#2028=ORIENTED_EDGE('',*,*,#1413,.F.);
#2029=ORIENTED_EDGE('',*,*,#1441,.T.);
#2030=ORIENTED_EDGE('',*,*,#1310,.T.);
#2031=ORIENTED_EDGE('',*,*,#1442,.T.);
#2032=ORIENTED_EDGE('',*,*,#1443,.T.);
#2033=ORIENTED_EDGE('',*,*,#1442,.F.);
#2034=ORIENTED_EDGE('',*,*,#1318,.T.);
#2035=ORIENTED_EDGE('',*,*,#1444,.T.);
#2036=ORIENTED_EDGE('',*,*,#1445,.T.);
#2037=ORIENTED_EDGE('',*,*,#1444,.F.);
#2038=ORIENTED_EDGE('',*,*,#1317,.T.);
#2039=ORIENTED_EDGE('',*,*,#1446,.T.);
#2040=ORIENTED_EDGE('',*,*,#1447,.T.);
#2041=ORIENTED_EDGE('',*,*,#1446,.F.);
#2042=ORIENTED_EDGE('',*,*,#1316,.T.);
#2043=ORIENTED_EDGE('',*,*,#1448,.T.);
#2044=ORIENTED_EDGE('',*,*,#1449,.T.);
#2045=ORIENTED_EDGE('',*,*,#1448,.F.);
#2046=ORIENTED_EDGE('',*,*,#1315,.T.);
#2047=ORIENTED_EDGE('',*,*,#1450,.T.);
#2048=ORIENTED_EDGE('',*,*,#1451,.T.);
#2049=ORIENTED_EDGE('',*,*,#1450,.F.);
#2050=ORIENTED_EDGE('',*,*,#1314,.T.);
#2051=ORIENTED_EDGE('',*,*,#1452,.T.);
#2052=ORIENTED_EDGE('',*,*,#1453,.T.);
#2053=ORIENTED_EDGE('',*,*,#1452,.F.);
#2054=ORIENTED_EDGE('',*,*,#1313,.T.);
#2055=ORIENTED_EDGE('',*,*,#1454,.T.);
#2056=ORIENTED_EDGE('',*,*,#1455,.T.);
#2057=ORIENTED_EDGE('',*,*,#1380,.F.);
#2058=ORIENTED_EDGE('',*,*,#1376,.F.);
#2059=ORIENTED_EDGE('',*,*,#1374,.F.);
#2060=ORIENTED_EDGE('',*,*,#1372,.F.);
#2061=ORIENTED_EDGE('',*,*,#1370,.F.);
#2062=ORIENTED_EDGE('',*,*,#1386,.F.);
#2063=ORIENTED_EDGE('',*,*,#1384,.F.);
#2064=ORIENTED_EDGE('',*,*,#1382,.F.);
#2065=ORIENTED_EDGE('',*,*,#1454,.F.);
#2066=ORIENTED_EDGE('',*,*,#1312,.T.);
#2067=ORIENTED_EDGE('',*,*,#1456,.T.);
#2068=ORIENTED_EDGE('',*,*,#1457,.T.);
#2069=ORIENTED_EDGE('',*,*,#1456,.F.);
#2070=ORIENTED_EDGE('',*,*,#1311,.T.);
#2071=ORIENTED_EDGE('',*,*,#1441,.F.);
#2072=ORIENTED_EDGE('',*,*,#1458,.T.);
#2073=ORIENTED_EDGE('',*,*,#1419,.F.);
#2074=ORIENTED_EDGE('',*,*,#1417,.F.);
#2075=ORIENTED_EDGE('',*,*,#1414,.F.);
#2076=ORIENTED_EDGE('',*,*,#1440,.F.);
#2077=ORIENTED_EDGE('',*,*,#1438,.F.);
#2078=ORIENTED_EDGE('',*,*,#1436,.F.);
#2079=ORIENTED_EDGE('',*,*,#1434,.F.);
#2080=ORIENTED_EDGE('',*,*,#1432,.F.);
#2081=ORIENTED_EDGE('',*,*,#1421,.F.);
#2082=ORIENTED_EDGE('',*,*,#1458,.F.);
#2083=ORIENTED_EDGE('',*,*,#1443,.F.);
#2084=ORIENTED_EDGE('',*,*,#1445,.F.);
#2085=ORIENTED_EDGE('',*,*,#1447,.F.);
#2086=ORIENTED_EDGE('',*,*,#1449,.F.);
#2087=ORIENTED_EDGE('',*,*,#1451,.F.);
#2088=ORIENTED_EDGE('',*,*,#1453,.F.);
#2089=ORIENTED_EDGE('',*,*,#1455,.F.);
#2090=ORIENTED_EDGE('',*,*,#1457,.F.);
#2091=PLANE('',#2354);
#2092=PLANE('',#2356);
#2093=PLANE('',#2358);
#2094=PLANE('',#2360);
#2095=PLANE('',#2367);
#2096=PLANE('',#2368);
#2097=PLANE('',#2376);
#2098=PLANE('',#2381);
#2099=PLANE('',#2386);
#2100=PLANE('',#2387);
#2101=PLANE('',#2388);
#2102=PLANE('',#2389);
#2103=PLANE('',#2390);
#2104=PLANE('',#2391);
#2105=PLANE('',#2392);
#2106=PLANE('',#2397);
#2107=PLANE('',#2400);
#2108=PLANE('',#2403);
#2109=PLANE('',#2404);
#2110=PLANE('',#2407);
#2111=PLANE('',#2410);
#2112=PLANE('',#2411);
#2113=PLANE('',#2412);
#2114=PLANE('',#2413);
#2115=PLANE('',#2414);
#2116=PLANE('',#2415);
#2117=PLANE('',#2416);
#2118=PLANE('',#2417);
#2119=PLANE('',#2418);
#2120=PLANE('',#2419);
#2121=PLANE('',#2420);
#2122=PLANE('',#2421);
#2123=PLANE('',#2422);
#2124=PLANE('',#2423);
#2125=PLANE('',#2424);
#2126=PLANE('',#2425);
#2127=PLANE('',#2426);
#2128=PLANE('',#2427);
#2129=PLANE('',#2428);
#2130=PLANE('',#2429);
#2131=PLANE('',#2430);
#2132=PLANE('',#2431);
#2133=PLANE('',#2432);
#2134=PLANE('',#2433);
#2135=PLANE('',#2434);
#2136=PLANE('',#2435);
#2137=PLANE('',#2436);
#2138=PLANE('',#2437);
#2139=PLANE('',#2438);
#2140=PLANE('',#2439);
#2141=PLANE('',#2440);
#2142=PLANE('',#2441);
#2143=PLANE('',#2442);
#2144=PLANE('',#2443);
#2145=PLANE('',#2444);
#2146=PLANE('',#2445);
#2147=PLANE('',#2446);
#2148=PLANE('',#2448);
#2149=PLANE('',#2450);
#2150=PLANE('',#2452);
#2151=PLANE('',#2459);
#2152=PLANE('',#2460);
#2153=PLANE('',#2468);
#2154=PLANE('',#2473);
#2155=PLANE('',#2478);
#2156=PLANE('',#2479);
#2157=PLANE('',#2480);
#2158=PLANE('',#2481);
#2159=PLANE('',#2482);
#2160=PLANE('',#2483);
#2161=PLANE('',#2484);
#2162=PLANE('',#2489);
#2163=PLANE('',#2492);
#2164=PLANE('',#2495);
#2165=PLANE('',#2496);
#2166=PLANE('',#2499);
#2167=PLANE('',#2502);
#2168=PLANE('',#2503);
#2169=PLANE('',#2504);
#2170=PLANE('',#2505);
#2171=PLANE('',#2506);
#2172=PLANE('',#2507);
#2173=PLANE('',#2508);
#2174=PLANE('',#2509);
#2175=PLANE('',#2510);
#2176=PLANE('',#2511);
#2177=PLANE('',#2512);
#2178=PLANE('',#2513);
#2179=PLANE('',#2514);
#2180=PLANE('',#2515);
#2181=PLANE('',#2516);
#2182=PLANE('',#2517);
#2183=PLANE('',#2518);
#2184=PLANE('',#2519);
#2185=PLANE('',#2520);
#2186=PLANE('',#2521);
#2187=PLANE('',#2522);
#2188=PLANE('',#2523);
#2189=PLANE('',#2524);
#2190=PLANE('',#2525);
#2191=PLANE('',#2526);
#2192=PLANE('',#2527);
#2193=PLANE('',#2528);
#2194=PLANE('',#2529);
#2195=PLANE('',#2530);
#2196=PLANE('',#2531);
#2197=PLANE('',#2532);
#2198=PLANE('',#2533);
#2199=PLANE('',#2534);
#2200=PLANE('',#2535);
#2201=PLANE('',#2536);
#2202=PLANE('',#2537);
#2203=ADVANCED_FACE('',(#599),#2091,.T.);
#2204=ADVANCED_FACE('',(#600),#2092,.T.);
#2205=ADVANCED_FACE('',(#601),#2093,.T.);
#2206=ADVANCED_FACE('',(#602),#2094,.T.);
#2207=ADVANCED_FACE('',(#603),#575,.F.);
#2208=ADVANCED_FACE('',(#604),#576,.T.);
#2209=ADVANCED_FACE('',(#605,#17),#2095,.T.);
#2210=ADVANCED_FACE('',(#606,#18,#19,#20,#21),#2096,.F.);
#2211=ADVANCED_FACE('',(#607),#577,.F.);
#2212=ADVANCED_FACE('',(#608),#578,.T.);
#2213=ADVANCED_FACE('',(#609,#22),#2097,.T.);
#2214=ADVANCED_FACE('',(#610),#579,.F.);
#2215=ADVANCED_FACE('',(#611),#580,.T.);
#2216=ADVANCED_FACE('',(#612,#23),#2098,.T.);
#2217=ADVANCED_FACE('',(#613),#581,.F.);
#2218=ADVANCED_FACE('',(#614),#582,.T.);
#2219=ADVANCED_FACE('',(#615,#24),#2099,.T.);
#2220=ADVANCED_FACE('',(#616),#2100,.T.);
#2221=ADVANCED_FACE('',(#617),#2101,.T.);
#2222=ADVANCED_FACE('',(#618),#2102,.F.);
#2223=ADVANCED_FACE('',(#619),#2103,.F.);
#2224=ADVANCED_FACE('',(#620),#2104,.F.);
#2225=ADVANCED_FACE('',(#621,#25),#2105,.T.);
#2226=ADVANCED_FACE('',(#622),#2106,.F.);
#2227=ADVANCED_FACE('',(#623),#583,.F.);
#2228=ADVANCED_FACE('',(#624),#2107,.F.);
#2229=ADVANCED_FACE('',(#625),#584,.F.);
#2230=ADVANCED_FACE('',(#626),#2108,.T.);
#2231=ADVANCED_FACE('',(#627),#2109,.F.);
#2232=ADVANCED_FACE('',(#628),#585,.F.);
#2233=ADVANCED_FACE('',(#629),#2110,.F.);
#2234=ADVANCED_FACE('',(#630),#586,.F.);
#2235=ADVANCED_FACE('',(#631),#2111,.T.);
#2236=ADVANCED_FACE('',(#632),#2112,.T.);
#2237=ADVANCED_FACE('',(#633),#2113,.T.);
#2238=ADVANCED_FACE('',(#634),#2114,.F.);
#2239=ADVANCED_FACE('',(#635),#2115,.F.);
#2240=ADVANCED_FACE('',(#636),#2116,.F.);
#2241=ADVANCED_FACE('',(#637),#2117,.T.);
#2242=ADVANCED_FACE('',(#638),#2118,.T.);
#2243=ADVANCED_FACE('',(#639),#2119,.T.);
#2244=ADVANCED_FACE('',(#640),#2120,.T.);
#2245=ADVANCED_FACE('',(#641),#2121,.T.);
#2246=ADVANCED_FACE('',(#642),#2122,.T.);
#2247=ADVANCED_FACE('',(#643),#2123,.T.);
#2248=ADVANCED_FACE('',(#644),#2124,.T.);
#2249=ADVANCED_FACE('',(#645),#2125,.T.);
#2250=ADVANCED_FACE('',(#646),#2126,.T.);
#2251=ADVANCED_FACE('',(#647),#2127,.T.);
#2252=ADVANCED_FACE('',(#648),#2128,.T.);
#2253=ADVANCED_FACE('',(#649),#2129,.T.);
#2254=ADVANCED_FACE('',(#650),#2130,.T.);
#2255=ADVANCED_FACE('',(#651),#2131,.T.);
#2256=ADVANCED_FACE('',(#652),#2132,.T.);
#2257=ADVANCED_FACE('',(#653),#2133,.T.);
#2258=ADVANCED_FACE('',(#654),#2134,.T.);
#2259=ADVANCED_FACE('',(#655),#2135,.T.);
#2260=ADVANCED_FACE('',(#656),#2136,.T.);
#2261=ADVANCED_FACE('',(#657),#2137,.T.);
#2262=ADVANCED_FACE('',(#658),#2138,.T.);
#2263=ADVANCED_FACE('',(#659),#2139,.T.);
#2264=ADVANCED_FACE('',(#660),#2140,.T.);
#2265=ADVANCED_FACE('',(#661),#2141,.T.);
#2266=ADVANCED_FACE('',(#662),#2142,.T.);
#2267=ADVANCED_FACE('',(#663,#26),#2143,.T.);
#2268=ADVANCED_FACE('',(#664),#2144,.T.);
#2269=ADVANCED_FACE('',(#665),#2145,.T.);
#2270=ADVANCED_FACE('',(#666,#27),#2146,.T.);
#2271=ADVANCED_FACE('',(#667),#2147,.F.);
#2272=ADVANCED_FACE('',(#668),#2148,.F.);
#2273=ADVANCED_FACE('',(#669),#2149,.F.);
#2274=ADVANCED_FACE('',(#670),#2150,.F.);
#2275=ADVANCED_FACE('',(#671),#587,.F.);
#2276=ADVANCED_FACE('',(#672),#588,.T.);
#2277=ADVANCED_FACE('',(#673,#28),#2151,.F.);
#2278=ADVANCED_FACE('',(#674,#29,#30,#31,#32),#2152,.T.);
#2279=ADVANCED_FACE('',(#675),#589,.F.);
#2280=ADVANCED_FACE('',(#676),#590,.T.);
#2281=ADVANCED_FACE('',(#677,#33),#2153,.F.);
#2282=ADVANCED_FACE('',(#678),#591,.F.);
#2283=ADVANCED_FACE('',(#679),#592,.T.);
#2284=ADVANCED_FACE('',(#680,#34),#2154,.F.);
#2285=ADVANCED_FACE('',(#681),#593,.F.);
#2286=ADVANCED_FACE('',(#682),#594,.T.);
#2287=ADVANCED_FACE('',(#683,#35),#2155,.F.);
#2288=ADVANCED_FACE('',(#684),#2156,.F.);
#2289=ADVANCED_FACE('',(#685),#2157,.F.);
#2290=ADVANCED_FACE('',(#686),#2158,.T.);
#2291=ADVANCED_FACE('',(#687),#2159,.T.);
#2292=ADVANCED_FACE('',(#688),#2160,.T.);
#2293=ADVANCED_FACE('',(#689,#36),#2161,.F.);
#2294=ADVANCED_FACE('',(#690),#2162,.T.);
#2295=ADVANCED_FACE('',(#691),#595,.F.);
#2296=ADVANCED_FACE('',(#692),#2163,.T.);
#2297=ADVANCED_FACE('',(#693),#596,.F.);
#2298=ADVANCED_FACE('',(#694),#2164,.F.);
#2299=ADVANCED_FACE('',(#695),#2165,.T.);
#2300=ADVANCED_FACE('',(#696),#597,.F.);
#2301=ADVANCED_FACE('',(#697),#2166,.T.);
#2302=ADVANCED_FACE('',(#698),#598,.F.);
#2303=ADVANCED_FACE('',(#699),#2167,.F.);
#2304=ADVANCED_FACE('',(#700),#2168,.F.);
#2305=ADVANCED_FACE('',(#701),#2169,.F.);
#2306=ADVANCED_FACE('',(#702),#2170,.T.);
#2307=ADVANCED_FACE('',(#703),#2171,.T.);
#2308=ADVANCED_FACE('',(#704),#2172,.T.);
#2309=ADVANCED_FACE('',(#705),#2173,.F.);
#2310=ADVANCED_FACE('',(#706),#2174,.F.);
#2311=ADVANCED_FACE('',(#707),#2175,.F.);
#2312=ADVANCED_FACE('',(#708),#2176,.F.);
#2313=ADVANCED_FACE('',(#709),#2177,.F.);
#2314=ADVANCED_FACE('',(#710),#2178,.F.);
#2315=ADVANCED_FACE('',(#711),#2179,.F.);
#2316=ADVANCED_FACE('',(#712),#2180,.F.);
#2317=ADVANCED_FACE('',(#713),#2181,.F.);
#2318=ADVANCED_FACE('',(#714),#2182,.F.);
#2319=ADVANCED_FACE('',(#715),#2183,.F.);
#2320=ADVANCED_FACE('',(#716),#2184,.F.);
#2321=ADVANCED_FACE('',(#717),#2185,.F.);
#2322=ADVANCED_FACE('',(#718),#2186,.F.);
#2323=ADVANCED_FACE('',(#719),#2187,.F.);
#2324=ADVANCED_FACE('',(#720),#2188,.F.);
#2325=ADVANCED_FACE('',(#721),#2189,.F.);
#2326=ADVANCED_FACE('',(#722),#2190,.F.);
#2327=ADVANCED_FACE('',(#723),#2191,.F.);
#2328=ADVANCED_FACE('',(#724),#2192,.F.);
#2329=ADVANCED_FACE('',(#725),#2193,.F.);
#2330=ADVANCED_FACE('',(#726),#2194,.F.);
#2331=ADVANCED_FACE('',(#727),#2195,.F.);
#2332=ADVANCED_FACE('',(#728),#2196,.F.);
#2333=ADVANCED_FACE('',(#729),#2197,.F.);
#2334=ADVANCED_FACE('',(#730),#2198,.F.);
#2335=ADVANCED_FACE('',(#731,#37),#2199,.F.);
#2336=ADVANCED_FACE('',(#732),#2200,.F.);
#2337=ADVANCED_FACE('',(#733),#2201,.F.);
#2338=ADVANCED_FACE('',(#734,#38),#2202,.F.);
#2339=CLOSED_SHELL('',(#2203,#2204,#2205,#2206,#2207,#2208,#2209,#2210,
#2211,#2212,#2213,#2214,#2215,#2216,#2217,#2218,#2219,#2220,#2221,#2222,
#2223,#2224,#2225,#2226,#2227,#2228,#2229,#2230,#2231,#2232,#2233,#2234,
#2235,#2236,#2237,#2238,#2239,#2240,#2241,#2242,#2243,#2244,#2245,#2246,
#2247,#2248,#2249,#2250,#2251,#2252,#2253,#2254,#2255,#2256,#2257,#2258,
#2259,#2260,#2261,#2262,#2263,#2264,#2265,#2266,#2267,#2268,#2269,#2270));
#2340=CLOSED_SHELL('',(#2271,#2272,#2273,#2274,#2275,#2276,#2277,#2278,
#2279,#2280,#2281,#2282,#2283,#2284,#2285,#2286,#2287,#2288,#2289,#2290,
#2291,#2292,#2293,#2294,#2295,#2296,#2297,#2298,#2299,#2300,#2301,#2302,
#2303,#2304,#2305,#2306,#2307,#2308,#2309,#2310,#2311,#2312,#2313,#2314,
#2315,#2316,#2317,#2318,#2319,#2320,#2321,#2322,#2323,#2324,#2325,#2326,
#2327,#2328,#2329,#2330,#2331,#2332,#2333,#2334,#2335,#2336,#2337,#2338));
#2341=DERIVED_UNIT_ELEMENT(#2343,1.);
#2342=DERIVED_UNIT_ELEMENT(#3836,-3.);
#2343=(
MASS_UNIT()
NAMED_UNIT(*)
SI_UNIT(.KILO.,.GRAM.)
);
#2344=DERIVED_UNIT((#2341,#2342));
#2345=MEASURE_REPRESENTATION_ITEM('density measure',
POSITIVE_RATIO_MEASURE(7850.),#2344);
#2346=PROPERTY_DEFINITION_REPRESENTATION(#2351,#2348);
#2347=PROPERTY_DEFINITION_REPRESENTATION(#2352,#2349);
#2348=REPRESENTATION('material name',(#2350),#3833);
#2349=REPRESENTATION('density',(#2345),#3833);
#2350=DESCRIPTIVE_REPRESENTATION_ITEM('Steel','Steel');
#2351=PROPERTY_DEFINITION('material property','material name',#3843);
#2352=PROPERTY_DEFINITION('material property','density of part',#3843);
#2353=AXIS2_PLACEMENT_3D('',#3176,#2538,#2539);
#2354=AXIS2_PLACEMENT_3D('',#3177,#2540,#2541);
#2355=AXIS2_PLACEMENT_3D('',#3179,#2542,#2543);
#2356=AXIS2_PLACEMENT_3D('',#3180,#2544,#2545);
#2357=AXIS2_PLACEMENT_3D('',#3182,#2546,#2547);
#2358=AXIS2_PLACEMENT_3D('',#3183,#2548,#2549);
#2359=AXIS2_PLACEMENT_3D('',#3185,#2550,#2551);
#2360=AXIS2_PLACEMENT_3D('',#3186,#2552,#2553);
#2361=AXIS2_PLACEMENT_3D('',#3188,#2554,#2555);
#2362=AXIS2_PLACEMENT_3D('',#3189,#2556,#2557);
#2363=AXIS2_PLACEMENT_3D('',#3191,#2558,#2559);
#2364=AXIS2_PLACEMENT_3D('',#3193,#2561,#2562);
#2365=AXIS2_PLACEMENT_3D('',#3195,#2563,#2564);
#2366=AXIS2_PLACEMENT_3D('',#3198,#2566,#2567);
#2367=AXIS2_PLACEMENT_3D('',#3199,#2568,#2569);
#2368=AXIS2_PLACEMENT_3D('',#3200,#2570,#2571);
#2369=AXIS2_PLACEMENT_3D('',#3220,#2581,#2582);
#2370=AXIS2_PLACEMENT_3D('',#3222,#2583,#2584);
#2371=AXIS2_PLACEMENT_3D('',#3224,#2585,#2586);
#2372=AXIS2_PLACEMENT_3D('',#3225,#2587,#2588);
#2373=AXIS2_PLACEMENT_3D('',#3227,#2589,#2590);
#2374=AXIS2_PLACEMENT_3D('',#3229,#2592,#2593);
#2375=AXIS2_PLACEMENT_3D('',#3231,#2594,#2595);
#2376=AXIS2_PLACEMENT_3D('',#3233,#2597,#2598);
#2377=AXIS2_PLACEMENT_3D('',#3234,#2599,#2600);
#2378=AXIS2_PLACEMENT_3D('',#3236,#2601,#2602);
#2379=AXIS2_PLACEMENT_3D('',#3238,#2604,#2605);
#2380=AXIS2_PLACEMENT_3D('',#3240,#2606,#2607);
#2381=AXIS2_PLACEMENT_3D('',#3242,#2609,#2610);
#2382=AXIS2_PLACEMENT_3D('',#3243,#2611,#2612);
#2383=AXIS2_PLACEMENT_3D('',#3245,#2613,#2614);
#2384=AXIS2_PLACEMENT_3D('',#3247,#2616,#2617);
#2385=AXIS2_PLACEMENT_3D('',#3249,#2618,#2619);
#2386=AXIS2_PLACEMENT_3D('',#3251,#2621,#2622);
#2387=AXIS2_PLACEMENT_3D('',#3252,#2623,#2624);
#2388=AXIS2_PLACEMENT_3D('',#3261,#2629,#2630);
#2389=AXIS2_PLACEMENT_3D('',#3287,#2644,#2645);
#2390=AXIS2_PLACEMENT_3D('',#3295,#2650,#2651);
#2391=AXIS2_PLACEMENT_3D('',#3301,#2655,#2656);
#2392=AXIS2_PLACEMENT_3D('',#3306,#2660,#2661);
#2393=AXIS2_PLACEMENT_3D('',#3309,#2662,#2663);
#2394=AXIS2_PLACEMENT_3D('',#3313,#2665,#2666);
#2395=AXIS2_PLACEMENT_3D('',#3317,#2668,#2669);
#2396=AXIS2_PLACEMENT_3D('',#3321,#2671,#2672);
#2397=AXIS2_PLACEMENT_3D('',#3323,#2674,#2675);
#2398=AXIS2_PLACEMENT_3D('',#3329,#2679,#2680);
#2399=AXIS2_PLACEMENT_3D('',#3332,#2682,#2683);
#2400=AXIS2_PLACEMENT_3D('',#3333,#2684,#2685);
#2401=AXIS2_PLACEMENT_3D('',#3337,#2688,#2689);
#2402=AXIS2_PLACEMENT_3D('',#3340,#2691,#2692);
#2403=AXIS2_PLACEMENT_3D('',#3341,#2693,#2694);
#2404=AXIS2_PLACEMENT_3D('',#3345,#2697,#2698);
#2405=AXIS2_PLACEMENT_3D('',#3349,#2701,#2702);
#2406=AXIS2_PLACEMENT_3D('',#3352,#2704,#2705);
#2407=AXIS2_PLACEMENT_3D('',#3353,#2706,#2707);
#2408=AXIS2_PLACEMENT_3D('',#3357,#2710,#2711);
#2409=AXIS2_PLACEMENT_3D('',#3358,#2712,#2713);
#2410=AXIS2_PLACEMENT_3D('',#3359,#2714,#2715);
#2411=AXIS2_PLACEMENT_3D('',#3365,#2719,#2720);
#2412=AXIS2_PLACEMENT_3D('',#3369,#2723,#2724);
#2413=AXIS2_PLACEMENT_3D('',#3373,#2727,#2728);
#2414=AXIS2_PLACEMENT_3D('',#3379,#2732,#2733);
#2415=AXIS2_PLACEMENT_3D('',#3383,#2736,#2737);
#2416=AXIS2_PLACEMENT_3D('',#3387,#2740,#2741);
#2417=AXIS2_PLACEMENT_3D('',#3393,#2745,#2746);
#2418=AXIS2_PLACEMENT_3D('',#3397,#2749,#2750);
#2419=AXIS2_PLACEMENT_3D('',#3403,#2754,#2755);
#2420=AXIS2_PLACEMENT_3D('',#3405,#2757,#2758);
#2421=AXIS2_PLACEMENT_3D('',#3411,#2762,#2763);
#2422=AXIS2_PLACEMENT_3D('',#3418,#2768,#2769);
#2423=AXIS2_PLACEMENT_3D('',#3422,#2772,#2773);
#2424=AXIS2_PLACEMENT_3D('',#3426,#2776,#2777);
#2425=AXIS2_PLACEMENT_3D('',#3430,#2780,#2781);
#2426=AXIS2_PLACEMENT_3D('',#3434,#2784,#2785);
#2427=AXIS2_PLACEMENT_3D('',#3435,#2786,#2787);
#2428=AXIS2_PLACEMENT_3D('',#3439,#2790,#2791);
#2429=AXIS2_PLACEMENT_3D('',#3443,#2794,#2795);
#2430=AXIS2_PLACEMENT_3D('',#3447,#2798,#2799);
#2431=AXIS2_PLACEMENT_3D('',#3449,#2801,#2802);
#2432=AXIS2_PLACEMENT_3D('',#3453,#2805,#2806);
#2433=AXIS2_PLACEMENT_3D('',#3457,#2809,#2810);
#2434=AXIS2_PLACEMENT_3D('',#3461,#2813,#2814);
#2435=AXIS2_PLACEMENT_3D('',#3465,#2817,#2818);
#2436=AXIS2_PLACEMENT_3D('',#3467,#2820,#2821);
#2437=AXIS2_PLACEMENT_3D('',#3473,#2825,#2826);
#2438=AXIS2_PLACEMENT_3D('',#3477,#2829,#2830);
#2439=AXIS2_PLACEMENT_3D('',#3481,#2833,#2834);
#2440=AXIS2_PLACEMENT_3D('',#3485,#2837,#2838);
#2441=AXIS2_PLACEMENT_3D('',#3489,#2841,#2842);
#2442=AXIS2_PLACEMENT_3D('',#3493,#2845,#2846);
#2443=AXIS2_PLACEMENT_3D('',#3497,#2849,#2850);
#2444=AXIS2_PLACEMENT_3D('',#3501,#2853,#2854);
#2445=AXIS2_PLACEMENT_3D('',#3503,#2856,#2857);
#2446=AXIS2_PLACEMENT_3D('',#3504,#2858,#2859);
#2447=AXIS2_PLACEMENT_3D('',#3506,#2860,#2861);
#2448=AXIS2_PLACEMENT_3D('',#3507,#2862,#2863);
#2449=AXIS2_PLACEMENT_3D('',#3509,#2864,#2865);
#2450=AXIS2_PLACEMENT_3D('',#3510,#2866,#2867);
#2451=AXIS2_PLACEMENT_3D('',#3512,#2868,#2869);
#2452=AXIS2_PLACEMENT_3D('',#3513,#2870,#2871);
#2453=AXIS2_PLACEMENT_3D('',#3515,#2872,#2873);
#2454=AXIS2_PLACEMENT_3D('',#3516,#2874,#2875);
#2455=AXIS2_PLACEMENT_3D('',#3518,#2876,#2877);
#2456=AXIS2_PLACEMENT_3D('',#3520,#2879,#2880);
#2457=AXIS2_PLACEMENT_3D('',#3522,#2881,#2882);
#2458=AXIS2_PLACEMENT_3D('',#3525,#2884,#2885);
#2459=AXIS2_PLACEMENT_3D('',#3526,#2886,#2887);
#2460=AXIS2_PLACEMENT_3D('',#3527,#2888,#2889);
#2461=AXIS2_PLACEMENT_3D('',#3547,#2899,#2900);
#2462=AXIS2_PLACEMENT_3D('',#3549,#2901,#2902);
#2463=AXIS2_PLACEMENT_3D('',#3551,#2903,#2904);
#2464=AXIS2_PLACEMENT_3D('',#3552,#2905,#2906);
#2465=AXIS2_PLACEMENT_3D('',#3554,#2907,#2908);
#2466=AXIS2_PLACEMENT_3D('',#3556,#2910,#2911);
#2467=AXIS2_PLACEMENT_3D('',#3558,#2912,#2913);
#2468=AXIS2_PLACEMENT_3D('',#3560,#2915,#2916);
#2469=AXIS2_PLACEMENT_3D('',#3561,#2917,#2918);
#2470=AXIS2_PLACEMENT_3D('',#3563,#2919,#2920);
#2471=AXIS2_PLACEMENT_3D('',#3565,#2922,#2923);
#2472=AXIS2_PLACEMENT_3D('',#3567,#2924,#2925);
#2473=AXIS2_PLACEMENT_3D('',#3569,#2927,#2928);
#2474=AXIS2_PLACEMENT_3D('',#3570,#2929,#2930);
#2475=AXIS2_PLACEMENT_3D('',#3572,#2931,#2932);
#2476=AXIS2_PLACEMENT_3D('',#3574,#2934,#2935);
#2477=AXIS2_PLACEMENT_3D('',#3576,#2936,#2937);
#2478=AXIS2_PLACEMENT_3D('',#3578,#2939,#2940);
#2479=AXIS2_PLACEMENT_3D('',#3579,#2941,#2942);
#2480=AXIS2_PLACEMENT_3D('',#3588,#2947,#2948);
#2481=AXIS2_PLACEMENT_3D('',#3614,#2962,#2963);
#2482=AXIS2_PLACEMENT_3D('',#3622,#2968,#2969);
#2483=AXIS2_PLACEMENT_3D('',#3628,#2973,#2974);
#2484=AXIS2_PLACEMENT_3D('',#3633,#2978,#2979);
#2485=AXIS2_PLACEMENT_3D('',#3636,#2980,#2981);
#2486=AXIS2_PLACEMENT_3D('',#3640,#2983,#2984);
#2487=AXIS2_PLACEMENT_3D('',#3644,#2986,#2987);
#2488=AXIS2_PLACEMENT_3D('',#3648,#2989,#2990);
#2489=AXIS2_PLACEMENT_3D('',#3650,#2992,#2993);
#2490=AXIS2_PLACEMENT_3D('',#3656,#2997,#2998);
#2491=AXIS2_PLACEMENT_3D('',#3658,#2999,#3000);
#2492=AXIS2_PLACEMENT_3D('',#3660,#3002,#3003);
#2493=AXIS2_PLACEMENT_3D('',#3664,#3006,#3007);
#2494=AXIS2_PLACEMENT_3D('',#3666,#3008,#3009);
#2495=AXIS2_PLACEMENT_3D('',#3668,#3011,#3012);
#2496=AXIS2_PLACEMENT_3D('',#3672,#3015,#3016);
#2497=AXIS2_PLACEMENT_3D('',#3676,#3019,#3020);
#2498=AXIS2_PLACEMENT_3D('',#3678,#3021,#3022);
#2499=AXIS2_PLACEMENT_3D('',#3680,#3024,#3025);
#2500=AXIS2_PLACEMENT_3D('',#3684,#3028,#3029);
#2501=AXIS2_PLACEMENT_3D('',#3685,#3030,#3031);
#2502=AXIS2_PLACEMENT_3D('',#3686,#3032,#3033);
#2503=AXIS2_PLACEMENT_3D('',#3692,#3037,#3038);
#2504=AXIS2_PLACEMENT_3D('',#3696,#3041,#3042);
#2505=AXIS2_PLACEMENT_3D('',#3700,#3045,#3046);
#2506=AXIS2_PLACEMENT_3D('',#3706,#3050,#3051);
#2507=AXIS2_PLACEMENT_3D('',#3710,#3054,#3055);
#2508=AXIS2_PLACEMENT_3D('',#3714,#3058,#3059);
#2509=AXIS2_PLACEMENT_3D('',#3720,#3063,#3064);
#2510=AXIS2_PLACEMENT_3D('',#3724,#3067,#3068);
#2511=AXIS2_PLACEMENT_3D('',#3730,#3072,#3073);
#2512=AXIS2_PLACEMENT_3D('',#3732,#3075,#3076);
#2513=AXIS2_PLACEMENT_3D('',#3738,#3080,#3081);
#2514=AXIS2_PLACEMENT_3D('',#3745,#3086,#3087);
#2515=AXIS2_PLACEMENT_3D('',#3749,#3090,#3091);
#2516=AXIS2_PLACEMENT_3D('',#3753,#3094,#3095);
#2517=AXIS2_PLACEMENT_3D('',#3757,#3098,#3099);
#2518=AXIS2_PLACEMENT_3D('',#3761,#3102,#3103);
#2519=AXIS2_PLACEMENT_3D('',#3762,#3104,#3105);
#2520=AXIS2_PLACEMENT_3D('',#3766,#3108,#3109);
#2521=AXIS2_PLACEMENT_3D('',#3770,#3112,#3113);
#2522=AXIS2_PLACEMENT_3D('',#3774,#3116,#3117);
#2523=AXIS2_PLACEMENT_3D('',#3776,#3119,#3120);
#2524=AXIS2_PLACEMENT_3D('',#3780,#3123,#3124);
#2525=AXIS2_PLACEMENT_3D('',#3784,#3127,#3128);
#2526=AXIS2_PLACEMENT_3D('',#3788,#3131,#3132);
#2527=AXIS2_PLACEMENT_3D('',#3792,#3135,#3136);
#2528=AXIS2_PLACEMENT_3D('',#3794,#3138,#3139);
#2529=AXIS2_PLACEMENT_3D('',#3800,#3143,#3144);
#2530=AXIS2_PLACEMENT_3D('',#3804,#3147,#3148);
#2531=AXIS2_PLACEMENT_3D('',#3808,#3151,#3152);
#2532=AXIS2_PLACEMENT_3D('',#3812,#3155,#3156);
#2533=AXIS2_PLACEMENT_3D('',#3816,#3159,#3160);
#2534=AXIS2_PLACEMENT_3D('',#3820,#3163,#3164);
#2535=AXIS2_PLACEMENT_3D('',#3824,#3167,#3168);
#2536=AXIS2_PLACEMENT_3D('',#3828,#3171,#3172);
#2537=AXIS2_PLACEMENT_3D('',#3830,#3174,#3175);
#2538=DIRECTION('axis',(0.,0.,1.));
#2539=DIRECTION('refdir',(1.,0.,0.));
#2540=DIRECTION('center_axis',(0.,0.,1.));
#2541=DIRECTION('ref_axis',(-1.,0.,0.));
#2542=DIRECTION('center_axis',(0.,0.,-1.));
#2543=DIRECTION('ref_axis',(-1.,0.,0.));
#2544=DIRECTION('center_axis',(0.,0.,1.));
#2545=DIRECTION('ref_axis',(-1.,0.,0.));
#2546=DIRECTION('center_axis',(0.,0.,-1.));
#2547=DIRECTION('ref_axis',(-1.,0.,0.));
#2548=DIRECTION('center_axis',(0.,0.,1.));
#2549=DIRECTION('ref_axis',(-1.,0.,0.));
#2550=DIRECTION('center_axis',(0.,0.,-1.));
#2551=DIRECTION('ref_axis',(-1.,0.,0.));
#2552=DIRECTION('center_axis',(0.,0.,1.));
#2553=DIRECTION('ref_axis',(-1.,0.,0.));
#2554=DIRECTION('center_axis',(0.,0.,-1.));
#2555=DIRECTION('ref_axis',(-1.,0.,0.));
#2556=DIRECTION('center_axis',(0.,0.,1.));
#2557=DIRECTION('ref_axis',(-1.,0.,0.));
#2558=DIRECTION('center_axis',(0.,0.,-1.));
#2559=DIRECTION('ref_axis',(-1.,0.,0.));
#2560=DIRECTION('',(0.,0.,-1.));
#2561=DIRECTION('center_axis',(0.,0.,1.));
#2562=DIRECTION('ref_axis',(-1.,0.,0.));
#2563=DIRECTION('center_axis',(0.,0.,1.));
#2564=DIRECTION('ref_axis',(-1.,0.,0.));
#2565=DIRECTION('',(0.,0.,-1.));
#2566=DIRECTION('center_axis',(0.,0.,-1.));
#2567=DIRECTION('ref_axis',(-1.,0.,0.));
#2568=DIRECTION('center_axis',(0.,0.,1.));
#2569=DIRECTION('ref_axis',(-1.,0.,0.));
#2570=DIRECTION('center_axis',(0.,0.,-1.));
#2571=DIRECTION('ref_axis',(1.,0.,0.));
#2572=DIRECTION('',(1.,0.,0.));
#2573=DIRECTION('',(0.,-1.,0.));
#2574=DIRECTION('',(1.,0.,0.));
#2575=DIRECTION('',(0.984807752326585,-0.173648181555292,0.));
#2576=DIRECTION('',(0.173714799758275,0.984796003416414,0.));
#2577=DIRECTION('',(3.88071845434726E-16,1.,0.));
#2578=DIRECTION('',(-1.,-5.26253286668376E-17,0.));
#2579=DIRECTION('',(-0.990256580714663,-0.139254818054184,0.));
#2580=DIRECTION('',(5.60625896598068E-17,-1.,0.));
#2581=DIRECTION('center_axis',(0.,0.,-1.));
#2582=DIRECTION('ref_axis',(-1.,0.,0.));
#2583=DIRECTION('center_axis',(0.,0.,-1.));
#2584=DIRECTION('ref_axis',(-1.,0.,0.));
#2585=DIRECTION('center_axis',(0.,0.,-1.));
#2586=DIRECTION('ref_axis',(-1.,0.,0.));
#2587=DIRECTION('center_axis',(0.,0.,1.));
#2588=DIRECTION('ref_axis',(-1.,0.,0.));
#2589=DIRECTION('center_axis',(0.,0.,-1.));
#2590=DIRECTION('ref_axis',(-1.,0.,0.));
#2591=DIRECTION('',(0.,0.,-1.));
#2592=DIRECTION('center_axis',(0.,0.,1.));
#2593=DIRECTION('ref_axis',(-1.,0.,0.));
#2594=DIRECTION('center_axis',(0.,0.,1.));
#2595=DIRECTION('ref_axis',(-1.,0.,0.));
#2596=DIRECTION('',(0.,0.,-1.));
#2597=DIRECTION('center_axis',(0.,0.,1.));
#2598=DIRECTION('ref_axis',(-1.,0.,0.));
#2599=DIRECTION('center_axis',(0.,0.,1.));
#2600=DIRECTION('ref_axis',(-1.,0.,0.));
#2601=DIRECTION('center_axis',(0.,0.,-1.));
#2602=DIRECTION('ref_axis',(-1.,0.,0.));
#2603=DIRECTION('',(0.,0.,-1.));
#2604=DIRECTION('center_axis',(0.,0.,1.));
#2605=DIRECTION('ref_axis',(-1.,0.,0.));
#2606=DIRECTION('center_axis',(0.,0.,1.));
#2607=DIRECTION('ref_axis',(-1.,0.,0.));
#2608=DIRECTION('',(0.,0.,-1.));
#2609=DIRECTION('center_axis',(0.,0.,1.));
#2610=DIRECTION('ref_axis',(-1.,0.,0.));
#2611=DIRECTION('center_axis',(0.,0.,1.));
#2612=DIRECTION('ref_axis',(-1.,0.,0.));
#2613=DIRECTION('center_axis',(0.,0.,-1.));
#2614=DIRECTION('ref_axis',(-1.,0.,0.));
#2615=DIRECTION('',(0.,0.,-1.));
#2616=DIRECTION('center_axis',(0.,0.,1.));
#2617=DIRECTION('ref_axis',(-1.,0.,0.));
#2618=DIRECTION('center_axis',(0.,0.,1.));
#2619=DIRECTION('ref_axis',(-1.,0.,0.));
#2620=DIRECTION('',(0.,0.,-1.));
#2621=DIRECTION('center_axis',(0.,0.,1.));
#2622=DIRECTION('ref_axis',(-1.,0.,0.));
#2623=DIRECTION('center_axis',(-6.99865489940064E-17,0.707106781186548,
-0.707106781186547));
#2624=DIRECTION('ref_axis',(-1.,0.,9.89759267710129E-17));
#2625=DIRECTION('',(0.,-0.707106781186547,-0.707106781186548));
#2626=DIRECTION('',(1.,9.89759267710129E-17,0.));
#2627=DIRECTION('',(1.52234806185389E-64,0.707106781186547,0.707106781186548));
#2628=DIRECTION('',(-1.,-9.89759267710129E-17,0.));
#2629=DIRECTION('center_axis',(0.,0.,-1.));
#2630=DIRECTION('ref_axis',(-1.,0.,0.));
#2631=DIRECTION('',(0.,1.,0.));
#2632=DIRECTION('',(0.,-1.,0.));
#2633=DIRECTION('',(-1.,-1.01393846365135E-16,0.));
#2634=DIRECTION('',(7.49435421474452E-16,1.,0.));
#2635=DIRECTION('',(0.173714799758277,0.984796003416414,0.));
#2636=DIRECTION('',(0.984807752326585,-0.173648181555291,0.));
#2637=DIRECTION('',(1.,0.,0.));
#2638=DIRECTION('',(0.,-1.,0.));
#2639=DIRECTION('',(1.,0.,0.));
#2640=DIRECTION('',(0.,-1.,0.));
#2641=DIRECTION('',(-0.990256580714663,-0.139254818054184,0.));
#2642=DIRECTION('',(-0.728142305705171,-0.68542598626136,0.));
#2643=DIRECTION('',(-1.,-1.01393846365135E-16,0.));
#2644=DIRECTION('center_axis',(1.,0.,-2.15292527572616E-64));
#2645=DIRECTION('ref_axis',(2.15292527572616E-64,-2.17520092608689E-48,
1.));
#2646=DIRECTION('',(1.52234806185388E-64,0.707106781186548,0.707106781186548));
#2647=DIRECTION('',(2.15292527572616E-64,-2.17520092608689E-48,1.));
#2648=DIRECTION('',(0.,-1.,0.));
#2649=DIRECTION('',(2.15292527572616E-64,2.18293374642594E-80,1.));
#2650=DIRECTION('center_axis',(0.,0.,1.));
#2651=DIRECTION('ref_axis',(-1.,-9.89759267710129E-17,0.));
#2652=DIRECTION('',(-1.,-1.01393846365135E-16,0.));
#2653=DIRECTION('',(-1.,-9.89759267710129E-17,0.));
#2654=DIRECTION('',(0.,-1.,0.));
#2655=DIRECTION('center_axis',(-1.,0.,0.));
#2656=DIRECTION('ref_axis',(0.,0.,-1.));
#2657=DIRECTION('',(0.,-0.707106781186548,-0.707106781186548));
#2658=DIRECTION('',(0.,0.,-1.));
#2659=DIRECTION('',(0.,0.,-1.));
#2660=DIRECTION('center_axis',(-9.89759267710129E-17,1.,0.));
#2661=DIRECTION('ref_axis',(-1.,-9.89759267710129E-17,0.));
#2662=DIRECTION('center_axis',(-9.89759267710129E-17,1.,0.));
#2663=DIRECTION('ref_axis',(1.,0.,-1.77635683940023E-14));
#2664=DIRECTION('',(0.,0.,-1.));
#2665=DIRECTION('center_axis',(-9.89759267710129E-17,1.,0.));
#2666=DIRECTION('ref_axis',(0.,0.,1.));
#2667=DIRECTION('',(1.,9.89759267710129E-17,0.));
#2668=DIRECTION('center_axis',(-9.89759267710129E-17,1.,0.));
#2669=DIRECTION('ref_axis',(-1.,0.,0.));
#2670=DIRECTION('',(0.,0.,1.));
#2671=DIRECTION('center_axis',(-9.89759267710129E-17,1.,0.));
#2672=DIRECTION('ref_axis',(0.,0.,-1.));
#2673=DIRECTION('',(-1.,-9.89759267710129E-17,0.));
#2674=DIRECTION('center_axis',(0.,0.,1.));
#2675=DIRECTION('ref_axis',(-1.,-9.89759267710129E-17,0.));
#2676=DIRECTION('',(0.,-1.,0.));
#2677=DIRECTION('',(1.,5.26253286668376E-17,0.));
#2678=DIRECTION('',(0.,-1.,0.));
#2679=DIRECTION('center_axis',(0.,-1.,0.));
#2680=DIRECTION('ref_axis',(0.,0.,1.));
#2681=DIRECTION('',(0.,-1.,0.));
#2682=DIRECTION('center_axis',(-5.26253286668376E-17,1.,0.));
#2683=DIRECTION('ref_axis',(0.,0.,1.));
#2684=DIRECTION('center_axis',(1.,0.,0.));
#2685=DIRECTION('ref_axis',(0.,0.,1.));
#2686=DIRECTION('',(0.,-1.,0.));
#2687=DIRECTION('',(0.,0.,-1.));
#2688=DIRECTION('center_axis',(0.,-1.,0.));
#2689=DIRECTION('ref_axis',(1.,0.,-1.77635683940023E-14));
#2690=DIRECTION('',(0.,-1.,0.));
#2691=DIRECTION('center_axis',(-5.26253286668376E-17,1.,0.));
#2692=DIRECTION('ref_axis',(1.,0.,-1.77635683940023E-14));
#2693=DIRECTION('center_axis',(-7.1696276335374E-17,0.707106781186548,-0.707106781186548));
#2694=DIRECTION('ref_axis',(-1.,0.,1.01393846365135E-16));
#2695=DIRECTION('',(1.,1.01393846365135E-16,0.));
#2696=DIRECTION('',(0.577350269189624,0.577350269189626,0.577350269189626));
#2697=DIRECTION('center_axis',(0.,0.,-1.));
#2698=DIRECTION('ref_axis',(1.,9.89759267710129E-17,0.));
#2699=DIRECTION('',(0.,-1.,0.));
#2700=DIRECTION('',(-1.,-5.26253286668376E-17,0.));
#2701=DIRECTION('center_axis',(0.,-1.,0.));
#2702=DIRECTION('ref_axis',(0.,0.,-1.));
#2703=DIRECTION('',(0.,-1.,0.));
#2704=DIRECTION('center_axis',(-5.26253286668376E-17,1.,0.));
#2705=DIRECTION('ref_axis',(0.,0.,-1.));
#2706=DIRECTION('center_axis',(-1.,0.,0.));
#2707=DIRECTION('ref_axis',(0.,0.,-1.));
#2708=DIRECTION('',(0.,-1.,0.));
#2709=DIRECTION('',(0.,0.,1.));
#2710=DIRECTION('center_axis',(0.,-1.,0.));
#2711=DIRECTION('ref_axis',(-1.,0.,0.));
#2712=DIRECTION('center_axis',(-5.26253286668376E-17,1.,0.));
#2713=DIRECTION('ref_axis',(-1.,0.,0.));
#2714=DIRECTION('center_axis',(-0.0984680261590104,0.700217143337928,-0.707106781186562));
#2715=DIRECTION('ref_axis',(-0.990442824233885,0.,0.137923935281756));
#2716=DIRECTION('',(0.990256580714663,0.139254818054184,0.));
#2717=DIRECTION('',(0.183847823233331,0.711128866431416,0.678598344545826));
#2718=DIRECTION('',(-0.602416907384497,0.523629391263132,0.602416907384496));
#2719=DIRECTION('center_axis',(-0.707106781186546,0.,-0.707106781186549));
#2720=DIRECTION('ref_axis',(-0.707106781186549,0.,0.707106781186546));
#2721=DIRECTION('',(-0.57735026918963,-0.57735026918962,0.577350269189627));
#2722=DIRECTION('',(0.,1.,0.));
#2723=DIRECTION('center_axis',(0.,-0.707106781186552,-0.707106781186543));
#2724=DIRECTION('ref_axis',(-1.,0.,0.));
#2725=DIRECTION('',(0.577350269189629,0.577350269189621,-0.577350269189628));
#2726=DIRECTION('',(-1.,0.,0.));
#2727=DIRECTION('center_axis',(0.139254818054184,-0.990256580714663,0.));
#2728=DIRECTION('ref_axis',(0.,0.,-1.));
#2729=DIRECTION('',(0.,0.,1.));
#2730=DIRECTION('',(-0.990256580714663,-0.139254818054184,-9.05773792078232E-17));
#2731=DIRECTION('',(-0.700217143337943,-0.0984680261590113,0.707106781186547));
#2732=DIRECTION('center_axis',(1.,0.,0.));
#2733=DIRECTION('ref_axis',(0.,0.,-1.));
#2734=DIRECTION('',(0.,0.,-1.));
#2735=DIRECTION('',(-2.50730190130308E-17,-1.,3.88748791432839E-16));
#2736=DIRECTION('center_axis',(0.,1.,0.));
#2737=DIRECTION('ref_axis',(0.,0.,1.));
#2738=DIRECTION('',(0.707106781186548,0.,-0.707106781186547));
#2739=DIRECTION('',(1.,0.,-5.32225802792501E-16));
#2740=DIRECTION('center_axis',(-0.0984680261590114,0.700217143337942,-0.707106781186548));
#2741=DIRECTION('ref_axis',(-0.990442824233884,0.,0.13792393528176));
#2742=DIRECTION('',(-0.602416907384505,0.523629391263114,0.602416907384503));
#2743=DIRECTION('',(0.990256580714663,0.139254818054182,-5.27040103641418E-16));
#2744=DIRECTION('',(-0.183847823233315,-0.711128866431386,-0.678598344545862));
#2745=DIRECTION('center_axis',(-0.707106781186547,1.85107111096145E-17,
-0.707106781186548));
#2746=DIRECTION('ref_axis',(-0.707106781186548,0.,0.707106781186547));
#2747=DIRECTION('',(-0.577350269189626,-0.577350269189627,0.577350269189624));
#2748=DIRECTION('',(2.61780987003871E-17,1.,-1.39326595963949E-32));
#2749=DIRECTION('center_axis',(-0.499999999999996,-0.707106781186553,-0.499999999999996));
#2750=DIRECTION('ref_axis',(-0.707106781186548,0.,0.707106781186547));
#2751=DIRECTION('',(0.,0.57735026918962,-0.81649658092773));
#2752=DIRECTION('',(-0.707106781186548,0.,0.707106781186547));
#2753=DIRECTION('',(-0.281084637714827,0.678598344545845,-0.678598344545847));
#2754=DIRECTION('center_axis',(-3.76340474277031E-16,-0.707106781186549,
-0.707106781186546));
#2755=DIRECTION('ref_axis',(-1.,0.,5.32225802792501E-16));
#2756=DIRECTION('',(-1.,0.,5.32225802792501E-16));
#2757=DIRECTION('center_axis',(-0.593596316516342,0.630589734310853,-0.499999999999999));
#2758=DIRECTION('ref_axis',(-0.644233304360382,0.,0.764829032890949));
#2759=DIRECTION('',(0.700217143337943,0.0984680261590111,-0.707106781186547));
#2760=DIRECTION('',(0.644233304360382,6.53212926856199E-17,-0.764829032890948));
#2761=DIRECTION('',(-0.153712990449906,-0.698703197562079,-0.698703197562079));
#2762=DIRECTION('center_axis',(-1.01393846365135E-16,1.,0.));
#2763=DIRECTION('ref_axis',(-1.,-1.01393846365135E-16,0.));
#2764=DIRECTION('',(1.,1.01393846365135E-16,0.));
#2765=DIRECTION('',(0.,0.,1.));
#2766=DIRECTION('',(-1.,-1.01393846365135E-16,0.));
#2767=DIRECTION('',(0.,0.,1.));
#2768=DIRECTION('center_axis',(-0.139254818054182,0.990256580714663,0.));
#2769=DIRECTION('ref_axis',(-0.990256580714663,-0.139254818054182,0.));
#2770=DIRECTION('',(0.,0.,-1.));
#2771=DIRECTION('',(-0.990256580714663,-0.139254818054182,0.));
#2772=DIRECTION('center_axis',(-1.,2.61780987003871E-17,0.));
#2773=DIRECTION('ref_axis',(-2.61780987003871E-17,-1.,0.));
#2774=DIRECTION('',(0.,0.,1.));
#2775=DIRECTION('',(-2.61780987003871E-17,-1.,0.));
#2776=DIRECTION('center_axis',(0.,-1.,0.));
#2777=DIRECTION('ref_axis',(1.,0.,0.));
#2778=DIRECTION('',(0.,0.,1.));
#2779=DIRECTION('',(1.,0.,0.));
#2780=DIRECTION('center_axis',(0.707106781186549,-5.29930868585984E-16,
-0.707106781186546));
#2781=DIRECTION('ref_axis',(-0.707106781186546,0.,-0.707106781186549));
#2782=DIRECTION('',(-7.49435421474452E-16,-1.,0.));
#2783=DIRECTION('',(0.705756508342211,-0.0617697487870609,0.705756508342214));
#2784=DIRECTION('center_axis',(-7.1696276335374E-17,0.707106781186548,-0.707106781186548));
#2785=DIRECTION('ref_axis',(-1.,0.,1.01393846365135E-16));
#2786=DIRECTION('center_axis',(-0.707106781186547,0.,-0.707106781186548));
#2787=DIRECTION('ref_axis',(-0.707106781186548,0.,0.707106781186547));
#2788=DIRECTION('',(0.,1.,0.));
#2789=DIRECTION('',(-0.577350269189627,-0.577350269189624,0.577350269189626));
#2790=DIRECTION('center_axis',(0.,-0.707106781186549,-0.707106781186546));
#2791=DIRECTION('ref_axis',(-1.,0.,0.));
#2792=DIRECTION('',(-1.,0.,0.));
#2793=DIRECTION('',(-0.0617457868170687,-0.705757556746769,0.705757556746771));
#2794=DIRECTION('center_axis',(-0.122787806718459,-0.696364239835209,-0.707106781186549));
#2795=DIRECTION('ref_axis',(-0.985255773671613,0.,0.171087873464926));
#2796=DIRECTION('',(-0.984807752326585,0.173648181555291,0.));
#2797=DIRECTION('',(0.4682952944606,-0.668843144302645,0.577363287285753));
#2798=DIRECTION('center_axis',(0.696355932101166,-0.122834912901542,-0.707106781186539));
#2799=DIRECTION('ref_axis',(-0.712502478513603,0.,-0.701669593264503));
#2800=DIRECTION('',(-0.173714799758277,-0.984796003416414,0.));
#2801=DIRECTION('center_axis',(-1.,0.,0.));
#2802=DIRECTION('ref_axis',(0.,-1.,0.));
#2803=DIRECTION('',(0.,0.,1.));
#2804=DIRECTION('',(0.,-1.,0.));
#2805=DIRECTION('center_axis',(0.,-1.,0.));
#2806=DIRECTION('ref_axis',(1.,0.,0.));
#2807=DIRECTION('',(0.,0.,1.));
#2808=DIRECTION('',(1.,0.,0.));
#2809=DIRECTION('center_axis',(-0.173648181555291,-0.984807752326585,0.));
#2810=DIRECTION('ref_axis',(0.984807752326585,-0.173648181555291,0.));
#2811=DIRECTION('',(0.,0.,1.));
#2812=DIRECTION('',(0.984807752326585,-0.173648181555291,0.));
#2813=DIRECTION('center_axis',(0.984796003416414,-0.173714799758277,0.));
#2814=DIRECTION('ref_axis',(0.173714799758277,0.984796003416414,0.));
#2815=DIRECTION('',(0.,0.,1.));
#2816=DIRECTION('',(0.173714799758277,0.984796003416414,0.));
#2817=DIRECTION('center_axis',(1.,-7.49435421474452E-16,0.));
#2818=DIRECTION('ref_axis',(7.49435421474452E-16,1.,0.));
#2819=DIRECTION('',(7.49435421474452E-16,1.,0.));
#2820=DIRECTION('center_axis',(0.,1.,0.));
#2821=DIRECTION('ref_axis',(-1.,0.,0.));
#2822=DIRECTION('',(0.,0.,-1.));
#2823=DIRECTION('',(-1.,0.,0.));
#2824=DIRECTION('',(0.,0.,1.));
#2825=DIRECTION('center_axis',(1.,0.,0.));
#2826=DIRECTION('ref_axis',(0.,1.,0.));
#2827=DIRECTION('',(0.,1.,0.));
#2828=DIRECTION('',(0.,0.,1.));
#2829=DIRECTION('center_axis',(0.,1.,0.));
#2830=DIRECTION('ref_axis',(-1.,0.,0.));
#2831=DIRECTION('',(-1.,0.,0.));
#2832=DIRECTION('',(0.,0.,1.));
#2833=DIRECTION('center_axis',(0.173648181555292,0.984807752326585,0.));
#2834=DIRECTION('ref_axis',(-0.984807752326585,0.173648181555292,0.));
#2835=DIRECTION('',(-0.984807752326585,0.173648181555292,0.));
#2836=DIRECTION('',(0.,0.,1.));
#2837=DIRECTION('center_axis',(-0.984796003416414,0.173714799758275,0.));
#2838=DIRECTION('ref_axis',(-0.173714799758275,-0.984796003416414,0.));
#2839=DIRECTION('',(-0.173714799758275,-0.984796003416414,0.));
#2840=DIRECTION('',(0.,0.,1.));
#2841=DIRECTION('center_axis',(-1.,3.88071845434726E-16,0.));
#2842=DIRECTION('ref_axis',(-3.88071845434726E-16,-1.,0.));
#2843=DIRECTION('',(-3.88071845434726E-16,-1.,0.));
#2844=DIRECTION('',(0.,0.,1.));
#2845=DIRECTION('center_axis',(5.26253286668376E-17,-1.,0.));
#2846=DIRECTION('ref_axis',(1.,5.26253286668376E-17,0.));
#2847=DIRECTION('',(1.,5.26253286668376E-17,0.));
#2848=DIRECTION('',(0.,0.,1.));
#2849=DIRECTION('center_axis',(0.139254818054184,-0.990256580714663,0.));
#2850=DIRECTION('ref_axis',(0.990256580714663,0.139254818054184,0.));
#2851=DIRECTION('',(0.990256580714663,0.139254818054184,0.));
#2852=DIRECTION('',(0.,0.,1.));
#2853=DIRECTION('center_axis',(1.,5.60625896598068E-17,0.));
#2854=DIRECTION('ref_axis',(-5.60625896598068E-17,1.,0.));
#2855=DIRECTION('',(-5.60625896598068E-17,1.,0.));
#2856=DIRECTION('center_axis',(0.,0.,1.));
#2857=DIRECTION('ref_axis',(1.,0.,0.));
#2858=DIRECTION('center_axis',(0.,0.,-1.));
#2859=DIRECTION('ref_axis',(1.,0.,0.));
#2860=DIRECTION('center_axis',(0.,0.,1.));
#2861=DIRECTION('ref_axis',(1.,0.,0.));
#2862=DIRECTION('center_axis',(0.,0.,-1.));
#2863=DIRECTION('ref_axis',(1.,0.,0.));
#2864=DIRECTION('center_axis',(0.,0.,1.));
#2865=DIRECTION('ref_axis',(1.,0.,0.));
#2866=DIRECTION('center_axis',(0.,0.,-1.));
#2867=DIRECTION('ref_axis',(1.,0.,0.));
#2868=DIRECTION('center_axis',(0.,0.,1.));
#2869=DIRECTION('ref_axis',(1.,0.,0.));
#2870=DIRECTION('center_axis',(0.,0.,-1.));
#2871=DIRECTION('ref_axis',(1.,0.,0.));
#2872=DIRECTION('center_axis',(0.,0.,1.));
#2873=DIRECTION('ref_axis',(1.,0.,0.));
#2874=DIRECTION('center_axis',(0.,0.,-1.));
#2875=DIRECTION('ref_axis',(1.,0.,0.));
#2876=DIRECTION('center_axis',(0.,0.,1.));
#2877=DIRECTION('ref_axis',(1.,0.,0.));
#2878=DIRECTION('',(0.,0.,-1.));
#2879=DIRECTION('center_axis',(0.,0.,-1.));
#2880=DIRECTION('ref_axis',(1.,0.,0.));
#2881=DIRECTION('center_axis',(0.,0.,-1.));
#2882=DIRECTION('ref_axis',(1.,0.,0.));
#2883=DIRECTION('',(0.,0.,-1.));
#2884=DIRECTION('center_axis',(0.,0.,1.));
#2885=DIRECTION('ref_axis',(1.,0.,0.));
#2886=DIRECTION('center_axis',(0.,0.,-1.));
#2887=DIRECTION('ref_axis',(1.,0.,0.));
#2888=DIRECTION('center_axis',(0.,0.,1.));
#2889=DIRECTION('ref_axis',(-1.,0.,0.));
#2890=DIRECTION('',(-1.,0.,0.));
#2891=DIRECTION('',(-5.60625896598068E-17,-1.,0.));
#2892=DIRECTION('',(0.990256580714663,-0.139254818054184,0.));
#2893=DIRECTION('',(1.,-5.26253286668376E-17,0.));
#2894=DIRECTION('',(-3.88071845434726E-16,1.,0.));
#2895=DIRECTION('',(-0.173714799758275,0.984796003416414,0.));
#2896=DIRECTION('',(-0.984807752326585,-0.173648181555292,0.));
#2897=DIRECTION('',(-1.,0.,0.));
#2898=DIRECTION('',(0.,-1.,0.));
#2899=DIRECTION('center_axis',(0.,0.,1.));
#2900=DIRECTION('ref_axis',(1.,0.,0.));
#2901=DIRECTION('center_axis',(0.,0.,1.));
#2902=DIRECTION('ref_axis',(1.,0.,0.));
#2903=DIRECTION('center_axis',(0.,0.,1.));
#2904=DIRECTION('ref_axis',(1.,0.,0.));
#2905=DIRECTION('center_axis',(0.,0.,-1.));
#2906=DIRECTION('ref_axis',(1.,0.,0.));
#2907=DIRECTION('center_axis',(0.,0.,1.));
#2908=DIRECTION('ref_axis',(1.,0.,0.));
#2909=DIRECTION('',(0.,0.,-1.));
#2910=DIRECTION('center_axis',(0.,0.,-1.));
#2911=DIRECTION('ref_axis',(1.,0.,0.));
#2912=DIRECTION('center_axis',(0.,0.,-1.));
#2913=DIRECTION('ref_axis',(1.,0.,0.));
#2914=DIRECTION('',(0.,0.,-1.));
#2915=DIRECTION('center_axis',(0.,0.,-1.));
#2916=DIRECTION('ref_axis',(1.,0.,0.));
#2917=DIRECTION('center_axis',(0.,0.,-1.));
#2918=DIRECTION('ref_axis',(1.,0.,0.));
#2919=DIRECTION('center_axis',(0.,0.,1.));
#2920=DIRECTION('ref_axis',(1.,0.,0.));
#2921=DIRECTION('',(0.,0.,-1.));
#2922=DIRECTION('center_axis',(0.,0.,-1.));
#2923=DIRECTION('ref_axis',(1.,0.,0.));
#2924=DIRECTION('center_axis',(0.,0.,-1.));
#2925=DIRECTION('ref_axis',(1.,0.,0.));
#2926=DIRECTION('',(0.,0.,-1.));
#2927=DIRECTION('center_axis',(0.,0.,-1.));
#2928=DIRECTION('ref_axis',(1.,0.,0.));
#2929=DIRECTION('center_axis',(0.,0.,-1.));
#2930=DIRECTION('ref_axis',(1.,0.,0.));
#2931=DIRECTION('center_axis',(0.,0.,1.));
#2932=DIRECTION('ref_axis',(1.,0.,0.));
#2933=DIRECTION('',(0.,0.,-1.));
#2934=DIRECTION('center_axis',(0.,0.,-1.));
#2935=DIRECTION('ref_axis',(1.,0.,0.));
#2936=DIRECTION('center_axis',(0.,0.,-1.));
#2937=DIRECTION('ref_axis',(1.,0.,0.));
#2938=DIRECTION('',(0.,0.,-1.));
#2939=DIRECTION('center_axis',(0.,0.,-1.));
#2940=DIRECTION('ref_axis',(1.,0.,0.));
#2941=DIRECTION('center_axis',(-6.99865489940064E-17,-0.707106781186548,
0.707106781186547));
#2942=DIRECTION('ref_axis',(1.,0.,9.89759267710129E-17));
#2943=DIRECTION('',(0.,-0.707106781186547,-0.707106781186548));
#2944=DIRECTION('',(1.,-9.89759267710129E-17,0.));
#2945=DIRECTION('',(-1.52234806185389E-64,0.707106781186547,0.707106781186548));
#2946=DIRECTION('',(-1.,9.89759267710129E-17,0.));
#2947=DIRECTION('center_axis',(0.,0.,1.));
#2948=DIRECTION('ref_axis',(1.,0.,0.));
#2949=DIRECTION('',(0.,1.,0.));
#2950=DIRECTION('',(1.,-1.01393846365135E-16,0.));
#2951=DIRECTION('',(0.728142305705171,-0.68542598626136,0.));
#2952=DIRECTION('',(0.990256580714663,-0.139254818054184,0.));
#2953=DIRECTION('',(0.,-1.,0.));
#2954=DIRECTION('',(-1.,0.,0.));
#2955=DIRECTION('',(0.,-1.,0.));
#2956=DIRECTION('',(-1.,0.,0.));
#2957=DIRECTION('',(-0.984807752326585,-0.173648181555291,0.));
#2958=DIRECTION('',(-0.173714799758277,0.984796003416414,0.));
#2959=DIRECTION('',(-7.49435421474452E-16,1.,0.));
#2960=DIRECTION('',(1.,-1.01393846365135E-16,0.));
#2961=DIRECTION('',(0.,-1.,0.));
#2962=DIRECTION('center_axis',(1.,0.,2.15292527572616E-64));
#2963=DIRECTION('ref_axis',(-2.15292527572616E-64,-2.17520092608689E-48,
1.));
#2964=DIRECTION('',(-1.52234806185388E-64,0.707106781186548,0.707106781186548));
#2965=DIRECTION('',(-2.15292527572616E-64,2.18293374642594E-80,1.));
#2966=DIRECTION('',(0.,-1.,0.));
#2967=DIRECTION('',(-2.15292527572616E-64,-2.17520092608689E-48,1.));
#2968=DIRECTION('center_axis',(0.,0.,-1.));
#2969=DIRECTION('ref_axis',(1.,-9.89759267710129E-17,0.));
#2970=DIRECTION('',(1.,-1.01393846365135E-16,0.));
#2971=DIRECTION('',(0.,-1.,0.));
#2972=DIRECTION('',(1.,-9.89759267710129E-17,0.));
#2973=DIRECTION('center_axis',(-1.,0.,0.));
#2974=DIRECTION('ref_axis',(0.,0.,-1.));
#2975=DIRECTION('',(0.,-0.707106781186548,-0.707106781186548));
#2976=DIRECTION('',(0.,0.,-1.));
#2977=DIRECTION('',(0.,0.,-1.));
#2978=DIRECTION('center_axis',(-9.89759267710129E-17,-1.,0.));
#2979=DIRECTION('ref_axis',(1.,-9.89759267710129E-17,0.));
#2980=DIRECTION('center_axis',(-9.89759267710129E-17,-1.,0.));
#2981=DIRECTION('ref_axis',(-1.,0.,-1.77635683940023E-14));
#2982=DIRECTION('',(1.,-9.89759267710129E-17,0.));
#2983=DIRECTION('center_axis',(-9.89759267710129E-17,-1.,0.));
#2984=DIRECTION('ref_axis',(0.,0.,-1.));
#2985=DIRECTION('',(0.,0.,1.));
#2986=DIRECTION('center_axis',(-9.89759267710129E-17,-1.,0.));
#2987=DIRECTION('ref_axis',(1.,0.,0.));
#2988=DIRECTION('',(-1.,9.89759267710129E-17,0.));
#2989=DIRECTION('center_axis',(-9.89759267710129E-17,-1.,0.));
#2990=DIRECTION('ref_axis',(0.,0.,1.));
#2991=DIRECTION('',(0.,0.,-1.));
#2992=DIRECTION('center_axis',(0.,0.,-1.));
#2993=DIRECTION('ref_axis',(1.,-9.89759267710129E-17,0.));
#2994=DIRECTION('',(0.,-1.,0.));
#2995=DIRECTION('',(-1.,5.26253286668376E-17,0.));
#2996=DIRECTION('',(0.,-1.,0.));
#2997=DIRECTION('center_axis',(0.,1.,0.));
#2998=DIRECTION('ref_axis',(0.,0.,1.));
#2999=DIRECTION('center_axis',(-5.26253286668376E-17,-1.,0.));
#3000=DIRECTION('ref_axis',(0.,0.,1.));
#3001=DIRECTION('',(0.,-1.,0.));
#3002=DIRECTION('center_axis',(1.,0.,0.));
#3003=DIRECTION('ref_axis',(0.,0.,1.));
#3004=DIRECTION('',(0.,0.,-1.));
#3005=DIRECTION('',(0.,-1.,0.));
#3006=DIRECTION('center_axis',(0.,1.,0.));
#3007=DIRECTION('ref_axis',(-1.,0.,-1.77635683940023E-14));
#3008=DIRECTION('center_axis',(-5.26253286668376E-17,-1.,0.));
#3009=DIRECTION('ref_axis',(-1.,0.,-1.77635683940023E-14));
#3010=DIRECTION('',(0.,-1.,0.));
#3011=DIRECTION('center_axis',(-7.1696276335374E-17,-0.707106781186548,
0.707106781186548));
#3012=DIRECTION('ref_axis',(1.,0.,1.01393846365135E-16));
#3013=DIRECTION('',(-0.577350269189624,0.577350269189626,0.577350269189626));
#3014=DIRECTION('',(-1.,1.01393846365135E-16,0.));
#3015=DIRECTION('center_axis',(0.,0.,1.));
#3016=DIRECTION('ref_axis',(-1.,9.89759267710129E-17,0.));
#3017=DIRECTION('',(1.,-5.26253286668376E-17,0.));
#3018=DIRECTION('',(0.,-1.,0.));
#3019=DIRECTION('center_axis',(0.,1.,0.));
#3020=DIRECTION('ref_axis',(0.,0.,-1.));
#3021=DIRECTION('center_axis',(-5.26253286668376E-17,-1.,0.));
#3022=DIRECTION('ref_axis',(0.,0.,-1.));
#3023=DIRECTION('',(0.,-1.,0.));
#3024=DIRECTION('center_axis',(-1.,0.,0.));
#3025=DIRECTION('ref_axis',(0.,0.,-1.));
#3026=DIRECTION('',(0.,0.,1.));
#3027=DIRECTION('',(0.,-1.,0.));
#3028=DIRECTION('center_axis',(0.,1.,0.));
#3029=DIRECTION('ref_axis',(1.,0.,0.));
#3030=DIRECTION('center_axis',(-5.26253286668376E-17,-1.,0.));
#3031=DIRECTION('ref_axis',(1.,0.,0.));
#3032=DIRECTION('center_axis',(-0.0984680261590104,-0.700217143337928,0.707106781186562));
#3033=DIRECTION('ref_axis',(0.990442824233885,0.,0.137923935281756));
#3034=DIRECTION('',(-0.990256580714663,0.139254818054184,0.));
#3035=DIRECTION('',(0.602416907384497,0.523629391263132,0.602416907384496));
#3036=DIRECTION('',(-0.183847823233331,0.711128866431416,0.678598344545826));
#3037=DIRECTION('center_axis',(-0.707106781186546,0.,0.707106781186549));
#3038=DIRECTION('ref_axis',(0.707106781186549,0.,0.707106781186546));
#3039=DIRECTION('',(0.,1.,0.));
#3040=DIRECTION('',(0.57735026918963,-0.57735026918962,0.577350269189627));
#3041=DIRECTION('center_axis',(0.,0.707106781186552,0.707106781186543));
#3042=DIRECTION('ref_axis',(1.,0.,0.));
#3043=DIRECTION('',(1.,0.,0.));
#3044=DIRECTION('',(-0.577350269189629,0.577350269189621,-0.577350269189628));
#3045=DIRECTION('center_axis',(0.139254818054184,0.990256580714663,0.));
#3046=DIRECTION('ref_axis',(0.,0.,-1.));
#3047=DIRECTION('',(0.700217143337943,-0.0984680261590113,0.707106781186547));
#3048=DIRECTION('',(0.990256580714663,-0.139254818054184,-9.05773792078232E-17));
#3049=DIRECTION('',(0.,0.,1.));
#3050=DIRECTION('center_axis',(1.,0.,0.));
#3051=DIRECTION('ref_axis',(0.,0.,-1.));
#3052=DIRECTION('',(2.50730190130308E-17,-1.,3.88748791432839E-16));
#3053=DIRECTION('',(0.,0.,-1.));
#3054=DIRECTION('center_axis',(0.,-1.,0.));
#3055=DIRECTION('ref_axis',(0.,0.,1.));
#3056=DIRECTION('',(-1.,0.,-5.32225802792501E-16));
#3057=DIRECTION('',(-0.707106781186548,0.,-0.707106781186547));
#3058=DIRECTION('center_axis',(-0.0984680261590114,-0.700217143337942,0.707106781186548));
#3059=DIRECTION('ref_axis',(0.990442824233884,0.,0.13792393528176));
#3060=DIRECTION('',(0.183847823233315,-0.711128866431386,-0.678598344545862));
#3061=DIRECTION('',(-0.990256580714663,0.139254818054182,-5.27040103641418E-16));
#3062=DIRECTION('',(0.602416907384505,0.523629391263114,0.602416907384503));
#3063=DIRECTION('center_axis',(-0.707106781186547,-1.85107111096145E-17,
0.707106781186548));
#3064=DIRECTION('ref_axis',(0.707106781186548,0.,0.707106781186547));
#3065=DIRECTION('',(-2.61780987003871E-17,1.,-1.39326595963949E-32));
#3066=DIRECTION('',(0.577350269189626,-0.577350269189627,0.577350269189624));
#3067=DIRECTION('center_axis',(-0.499999999999996,0.707106781186553,0.499999999999996));
#3068=DIRECTION('ref_axis',(0.707106781186548,0.,0.707106781186547));
#3069=DIRECTION('',(0.281084637714827,0.678598344545845,-0.678598344545847));
#3070=DIRECTION('',(0.707106781186548,0.,0.707106781186547));
#3071=DIRECTION('',(0.,0.57735026918962,-0.81649658092773));
#3072=DIRECTION('center_axis',(-3.76340474277031E-16,0.707106781186549,
0.707106781186546));
#3073=DIRECTION('ref_axis',(1.,0.,5.32225802792501E-16));
#3074=DIRECTION('',(1.,0.,5.32225802792501E-16));
#3075=DIRECTION('center_axis',(-0.593596316516342,-0.630589734310853,0.499999999999999));
#3076=DIRECTION('ref_axis',(0.644233304360382,0.,0.764829032890949));
#3077=DIRECTION('',(-0.700217143337943,0.0984680261590111,-0.707106781186547));
#3078=DIRECTION('',(0.153712990449906,-0.698703197562079,-0.698703197562079));
#3079=DIRECTION('',(-0.644233304360382,6.53212926856199E-17,-0.764829032890948));
#3080=DIRECTION('center_axis',(-1.01393846365135E-16,-1.,0.));
#3081=DIRECTION('ref_axis',(1.,-1.01393846365135E-16,0.));
#3082=DIRECTION('',(0.,0.,1.));
#3083=DIRECTION('',(1.,-1.01393846365135E-16,0.));
#3084=DIRECTION('',(0.,0.,1.));
#3085=DIRECTION('',(-1.,1.01393846365135E-16,0.));
#3086=DIRECTION('center_axis',(-0.139254818054182,-0.990256580714663,0.));
#3087=DIRECTION('ref_axis',(0.990256580714663,-0.139254818054182,0.));
#3088=DIRECTION('',(0.990256580714663,-0.139254818054182,0.));
#3089=DIRECTION('',(0.,0.,-1.));
#3090=DIRECTION('center_axis',(-1.,-2.61780987003871E-17,0.));
#3091=DIRECTION('ref_axis',(2.61780987003871E-17,-1.,0.));
#3092=DIRECTION('',(2.61780987003871E-17,-1.,0.));
#3093=DIRECTION('',(0.,0.,1.));
#3094=DIRECTION('center_axis',(0.,1.,0.));
#3095=DIRECTION('ref_axis',(-1.,0.,0.));
#3096=DIRECTION('',(-1.,0.,0.));
#3097=DIRECTION('',(0.,0.,1.));
#3098=DIRECTION('center_axis',(0.707106781186549,5.29930868585984E-16,0.707106781186546));
#3099=DIRECTION('ref_axis',(0.707106781186546,0.,-0.707106781186549));
#3100=DIRECTION('',(-0.705756508342211,-0.0617697487870609,0.705756508342214));
#3101=DIRECTION('',(7.49435421474452E-16,-1.,0.));
#3102=DIRECTION('center_axis',(-7.1696276335374E-17,-0.707106781186548,
0.707106781186548));
#3103=DIRECTION('ref_axis',(1.,0.,1.01393846365135E-16));
#3104=DIRECTION('center_axis',(-0.707106781186547,0.,0.707106781186548));
#3105=DIRECTION('ref_axis',(0.707106781186548,0.,0.707106781186547));
#3106=DIRECTION('',(0.,1.,0.));
#3107=DIRECTION('',(0.577350269189627,-0.577350269189624,0.577350269189626));
#3108=DIRECTION('center_axis',(0.,0.707106781186549,0.707106781186546));
#3109=DIRECTION('ref_axis',(1.,0.,0.));
#3110=DIRECTION('',(1.,0.,0.));
#3111=DIRECTION('',(0.0617457868170687,-0.705757556746769,0.705757556746771));
#3112=DIRECTION('center_axis',(-0.122787806718459,0.696364239835209,0.707106781186549));
#3113=DIRECTION('ref_axis',(0.985255773671613,0.,0.171087873464926));
#3114=DIRECTION('',(0.984807752326585,0.173648181555291,0.));
#3115=DIRECTION('',(-0.4682952944606,-0.668843144302645,0.577363287285753));
#3116=DIRECTION('center_axis',(0.696355932101166,0.122834912901542,0.707106781186539));
#3117=DIRECTION('ref_axis',(0.712502478513603,0.,-0.701669593264503));
#3118=DIRECTION('',(0.173714799758277,-0.984796003416414,0.));
#3119=DIRECTION('center_axis',(-1.,0.,0.));
#3120=DIRECTION('ref_axis',(0.,-1.,0.));
#3121=DIRECTION('',(0.,-1.,0.));
#3122=DIRECTION('',(0.,0.,1.));
#3123=DIRECTION('center_axis',(0.,1.,0.));
#3124=DIRECTION('ref_axis',(-1.,0.,0.));
#3125=DIRECTION('',(-1.,0.,0.));
#3126=DIRECTION('',(0.,0.,1.));
#3127=DIRECTION('center_axis',(-0.173648181555291,0.984807752326585,0.));
#3128=DIRECTION('ref_axis',(-0.984807752326585,-0.173648181555291,0.));
#3129=DIRECTION('',(-0.984807752326585,-0.173648181555291,0.));
#3130=DIRECTION('',(0.,0.,1.));
#3131=DIRECTION('center_axis',(0.984796003416414,0.173714799758277,0.));
#3132=DIRECTION('ref_axis',(-0.173714799758277,0.984796003416414,0.));
#3133=DIRECTION('',(-0.173714799758277,0.984796003416414,0.));
#3134=DIRECTION('',(0.,0.,1.));
#3135=DIRECTION('center_axis',(1.,7.49435421474452E-16,0.));
#3136=DIRECTION('ref_axis',(-7.49435421474452E-16,1.,0.));
#3137=DIRECTION('',(-7.49435421474452E-16,1.,0.));
#3138=DIRECTION('center_axis',(0.,-1.,0.));
#3139=DIRECTION('ref_axis',(1.,0.,0.));
#3140=DIRECTION('',(0.,0.,-1.));
#3141=DIRECTION('',(0.,0.,1.));
#3142=DIRECTION('',(1.,0.,0.));
#3143=DIRECTION('center_axis',(1.,0.,0.));
#3144=DIRECTION('ref_axis',(0.,1.,0.));
#3145=DIRECTION('',(0.,0.,1.));
#3146=DIRECTION('',(0.,1.,0.));
#3147=DIRECTION('center_axis',(0.,-1.,0.));
#3148=DIRECTION('ref_axis',(1.,0.,0.));
#3149=DIRECTION('',(0.,0.,1.));
#3150=DIRECTION('',(1.,0.,0.));
#3151=DIRECTION('center_axis',(0.173648181555292,-0.984807752326585,0.));
#3152=DIRECTION('ref_axis',(0.984807752326585,0.173648181555292,0.));
#3153=DIRECTION('',(0.,0.,1.));
#3154=DIRECTION('',(0.984807752326585,0.173648181555292,0.));
#3155=DIRECTION('center_axis',(-0.984796003416414,-0.173714799758275,0.));
#3156=DIRECTION('ref_axis',(0.173714799758275,-0.984796003416414,0.));
#3157=DIRECTION('',(0.,0.,1.));
#3158=DIRECTION('',(0.173714799758275,-0.984796003416414,0.));
#3159=DIRECTION('center_axis',(-1.,-3.88071845434726E-16,0.));
#3160=DIRECTION('ref_axis',(3.88071845434726E-16,-1.,0.));
#3161=DIRECTION('',(0.,0.,1.));
#3162=DIRECTION('',(3.88071845434726E-16,-1.,0.));
#3163=DIRECTION('center_axis',(5.26253286668376E-17,1.,0.));
#3164=DIRECTION('ref_axis',(-1.,5.26253286668376E-17,0.));
#3165=DIRECTION('',(0.,0.,1.));
#3166=DIRECTION('',(-1.,5.26253286668376E-17,0.));
#3167=DIRECTION('center_axis',(0.139254818054184,0.990256580714663,0.));
#3168=DIRECTION('ref_axis',(-0.990256580714663,0.139254818054184,0.));
#3169=DIRECTION('',(0.,0.,1.));
#3170=DIRECTION('',(-0.990256580714663,0.139254818054184,0.));
#3171=DIRECTION('center_axis',(1.,-5.60625896598068E-17,0.));
#3172=DIRECTION('ref_axis',(5.60625896598068E-17,1.,0.));
#3173=DIRECTION('',(5.60625896598068E-17,1.,0.));
#3174=DIRECTION('center_axis',(0.,0.,-1.));
#3175=DIRECTION('ref_axis',(-1.,0.,0.));
#3176=CARTESIAN_POINT('',(0.,0.,0.));
#3177=CARTESIAN_POINT('Origin',(138.137508,-48.974423,-11.5));
#3178=CARTESIAN_POINT('',(139.737508,-48.974423,-11.5));
#3179=CARTESIAN_POINT('Origin',(138.137508,-48.974423,-11.5));
#3180=CARTESIAN_POINT('Origin',(42.887508,-51.355673,-11.5));
#3181=CARTESIAN_POINT('',(44.487508,-51.355673,-11.5));
#3182=CARTESIAN_POINT('Origin',(42.887508,-51.355673,-11.5));
#3183=CARTESIAN_POINT('Origin',(138.137508,-87.074423,-11.5));
#3184=CARTESIAN_POINT('',(139.737508,-87.074423,-11.5));
#3185=CARTESIAN_POINT('Origin',(138.137508,-87.074423,-11.5));
#3186=CARTESIAN_POINT('Origin',(42.887508,-89.455673,-11.5));
#3187=CARTESIAN_POINT('',(44.487508,-89.455673,-11.5));
#3188=CARTESIAN_POINT('Origin',(42.887508,-89.455673,-11.5));
#3189=CARTESIAN_POINT('Origin',(138.137508,-48.974423,-12.));
#3190=CARTESIAN_POINT('',(139.737508,-48.974423,-5.));
#3191=CARTESIAN_POINT('Origin',(138.137508,-48.974423,-5.));
#3192=CARTESIAN_POINT('',(139.737508,-48.974423,-12.));
#3193=CARTESIAN_POINT('Origin',(138.137508,-48.974423,-12.));
#3194=CARTESIAN_POINT('',(140.637508,-48.974423,-5.));
#3195=CARTESIAN_POINT('Origin',(138.137508,-48.974423,-5.));
#3196=CARTESIAN_POINT('',(140.637508,-48.974423,-12.));
#3197=CARTESIAN_POINT('',(140.637508,-48.974423,-12.));
#3198=CARTESIAN_POINT('Origin',(138.137508,-48.974423,-12.));
#3199=CARTESIAN_POINT('Origin',(138.137508,-48.974423,-5.));
#3200=CARTESIAN_POINT('Origin',(103.1875,-76.7468883752443,-12.));
#3201=CARTESIAN_POINT('',(22.440625,-110.356875,-12.));
#3202=CARTESIAN_POINT('',(79.590625,-110.356875,-12.));
#3203=CARTESIAN_POINT('',(22.440625,-110.356875,-12.));
#3204=CARTESIAN_POINT('',(79.590625,-122.263125,-12.));
#3205=CARTESIAN_POINT('',(79.590625,-110.356875,-12.));
#3206=CARTESIAN_POINT('',(120.961572247446,-122.263125,-12.));
#3207=CARTESIAN_POINT('',(79.590625,-122.263125,-12.));
#3208=CARTESIAN_POINT('',(180.253087954424,-132.717819187622,-12.));
#3209=CARTESIAN_POINT('',(120.961572247446,-122.263125,-12.));
#3210=CARTESIAN_POINT('',(183.934375,-111.848458747658,-12.));
#3211=CARTESIAN_POINT('',(180.253087954424,-132.717819187622,-12.));
#3212=CARTESIAN_POINT('',(183.934375,-20.300625,-12.));
#3213=CARTESIAN_POINT('',(183.934375,-111.848458747658,-12.));
#3214=CARTESIAN_POINT('',(99.5474037258594,-20.300625,-12.));
#3215=CARTESIAN_POINT('',(183.934375,-20.300625,-12.));
#3216=CARTESIAN_POINT('',(22.440625,-31.1437646986674,-12.));
#3217=CARTESIAN_POINT('',(99.5474037258594,-20.300625,-12.));
#3218=CARTESIAN_POINT('',(22.440625,-31.1437646986674,-12.));
#3219=CARTESIAN_POINT('',(45.387508,-51.355673,-12.));
#3220=CARTESIAN_POINT('Origin',(42.887508,-51.355673,-12.));
#3221=CARTESIAN_POINT('',(45.387508,-89.455673,-12.));
#3222=CARTESIAN_POINT('Origin',(42.887508,-89.455673,-12.));
#3223=CARTESIAN_POINT('',(140.637508,-87.074423,-12.));
#3224=CARTESIAN_POINT('Origin',(138.137508,-87.074423,-12.));
#3225=CARTESIAN_POINT('Origin',(42.887508,-51.355673,-12.));
#3226=CARTESIAN_POINT('',(44.487508,-51.355673,-5.));
#3227=CARTESIAN_POINT('Origin',(42.887508,-51.355673,-5.));
#3228=CARTESIAN_POINT('',(44.487508,-51.355673,-12.));
#3229=CARTESIAN_POINT('Origin',(42.887508,-51.355673,-12.));
#3230=CARTESIAN_POINT('',(45.387508,-51.355673,-5.));
#3231=CARTESIAN_POINT('Origin',(42.887508,-51.355673,-5.));
#3232=CARTESIAN_POINT('',(45.387508,-51.355673,-12.));
#3233=CARTESIAN_POINT('Origin',(42.887508,-51.355673,-5.));
#3234=CARTESIAN_POINT('Origin',(138.137508,-87.074423,-12.));
#3235=CARTESIAN_POINT('',(139.737508,-87.074423,-5.));
#3236=CARTESIAN_POINT('Origin',(138.137508,-87.074423,-5.));
#3237=CARTESIAN_POINT('',(139.737508,-87.074423,-12.));
#3238=CARTESIAN_POINT('Origin',(138.137508,-87.074423,-12.));
#3239=CARTESIAN_POINT('',(140.637508,-87.074423,-5.));
#3240=CARTESIAN_POINT('Origin',(138.137508,-87.074423,-5.));
#3241=CARTESIAN_POINT('',(140.637508,-87.074423,-12.));
#3242=CARTESIAN_POINT('Origin',(138.137508,-87.074423,-5.));
#3243=CARTESIAN_POINT('Origin',(42.887508,-89.455673,-12.));
#3244=CARTESIAN_POINT('',(44.487508,-89.455673,-5.));
#3245=CARTESIAN_POINT('Origin',(42.887508,-89.455673,-5.));
#3246=CARTESIAN_POINT('',(44.487508,-89.455673,-12.));
#3247=CARTESIAN_POINT('Origin',(42.887508,-89.455673,-12.));
#3248=CARTESIAN_POINT('',(45.387508,-89.455673,-5.));
#3249=CARTESIAN_POINT('Origin',(42.887508,-89.455673,-5.));
#3250=CARTESIAN_POINT('',(45.387508,-89.455673,-12.));
#3251=CARTESIAN_POINT('Origin',(42.887508,-89.455673,-5.));
#3252=CARTESIAN_POINT('Origin',(136.710937440395,-20.300625,-13.));
#3253=CARTESIAN_POINT('',(162.234374761581,-21.300625,-14.));
#3254=CARTESIAN_POINT('',(162.234374761581,-19.300625,-12.));
#3255=CARTESIAN_POINT('',(162.234374761581,-16.800625,-9.5));
#3256=CARTESIAN_POINT('',(178.234375,-19.300625,-12.));
#3257=CARTESIAN_POINT('',(136.710937440395,-19.300625,-12.));
#3258=CARTESIAN_POINT('',(178.234375,-21.300625,-14.));
#3259=CARTESIAN_POINT('',(178.234375,-19.800625,-12.5));
#3260=CARTESIAN_POINT('',(136.710937440395,-21.300625,-14.));
#3261=CARTESIAN_POINT('Origin',(103.1875,-76.7468883752443,-14.));
#3262=CARTESIAN_POINT('',(162.234374761581,-19.300625,-14.));
#3263=CARTESIAN_POINT('',(162.234374761581,-47.0237566876221,-14.));
#3264=CARTESIAN_POINT('',(178.234375,-19.300625,-14.));
#3265=CARTESIAN_POINT('',(178.234375,-47.0237566876221,-14.));
#3266=CARTESIAN_POINT('',(184.934375,-19.300625,-14.));
#3267=CARTESIAN_POINT('',(145.0609375,-19.300625,-14.));
#3268=CARTESIAN_POINT('',(184.934375,-111.935981495316,-14.));
#3269=CARTESIAN_POINT('',(184.934375,-94.4289576829372,-14.));
#3270=CARTESIAN_POINT('',(181.064180908848,-133.876263375244,-14.));
#3271=CARTESIAN_POINT('',(184.60210719644,-113.819620687053,-14.));
#3272=CARTESIAN_POINT('',(120.874083581932,-123.263125,-14.));
#3273=CARTESIAN_POINT('',(108.406236629082,-121.064707140111,-14.));
#3274=CARTESIAN_POINT('',(78.590625,-123.263125,-14.));
#3275=CARTESIAN_POINT('',(89.8890625,-123.263125,-14.));
#3276=CARTESIAN_POINT('',(78.590625,-109.356875,-14.));
#3277=CARTESIAN_POINT('',(78.590625,-95.0518816876222,-14.));
#3278=CARTESIAN_POINT('',(23.440625,-109.356875,-14.));
#3279=CARTESIAN_POINT('',(76.1015625,-109.356875,-14.));
#3280=CARTESIAN_POINT('',(23.440625,-32.0129789999999,-14.));
#3281=CARTESIAN_POINT('',(23.440625,-73.3466933862896,-14.));
#3282=CARTESIAN_POINT('',(96.9550765144739,-21.6750102660653,-14.));
#3283=CARTESIAN_POINT('',(77.6745671369122,-24.3863316323183,-14.));
#3284=CARTESIAN_POINT('',(99.4774354517172,-19.300625,-14.));
#3285=CARTESIAN_POINT('',(85.5159694064535,-32.4430444951312,-14.));
#3286=CARTESIAN_POINT('',(145.0609375,-19.300625,-14.));
#3287=CARTESIAN_POINT('Origin',(178.234375,-17.300625,-14.));
#3288=CARTESIAN_POINT('',(178.234375,-17.300625,-12.));
#3289=CARTESIAN_POINT('',(178.234375,-18.300625,-13.));
#3290=CARTESIAN_POINT('',(178.234375,-19.300625,-2.));
#3291=CARTESIAN_POINT('',(178.234375,-19.300625,-2.));
#3292=CARTESIAN_POINT('',(178.234375,-17.300625,-2.));
#3293=CARTESIAN_POINT('',(178.234375,-17.300625,-2.));
#3294=CARTESIAN_POINT('',(178.234375,-17.300625,-7.));
#3295=CARTESIAN_POINT('Origin',(178.234375,-17.300625,-2.));
#3296=CARTESIAN_POINT('',(162.234374761581,-17.300625,-2.));
#3297=CARTESIAN_POINT('',(182.584375,-17.300625,-2.));
#3298=CARTESIAN_POINT('',(162.234374761581,-19.300625,-2.));
#3299=CARTESIAN_POINT('',(162.234374761581,-19.300625,-2.));
#3300=CARTESIAN_POINT('',(162.234374761581,-17.300625,-2.));
#3301=CARTESIAN_POINT('Origin',(162.234374761581,-17.300625,-2.));
#3302=CARTESIAN_POINT('',(162.234374761581,-17.300625,-12.));
#3303=CARTESIAN_POINT('',(162.234374761581,-15.300625,-10.));
#3304=CARTESIAN_POINT('',(162.234374761581,-17.300625,-1.));
#3305=CARTESIAN_POINT('',(162.234374761581,-19.300625,-12.));
#3306=CARTESIAN_POINT('Origin',(170.234374880791,-19.300625,-8.));
#3307=CARTESIAN_POINT('',(175.234375,-19.300625,-10.));
#3308=CARTESIAN_POINT('',(174.234375,-19.300625,-11.));
#3309=CARTESIAN_POINT('Origin',(174.234375,-19.300625,-9.99999999999999));
#3310=CARTESIAN_POINT('',(175.234375,-19.300625,-8.00000000000002));
#3311=CARTESIAN_POINT('',(175.234375,-19.300625,-9.));
#3312=CARTESIAN_POINT('',(174.234375,-19.300625,-7.));
#3313=CARTESIAN_POINT('Origin',(174.234375,-19.300625,-8.00000000000002));
#3314=CARTESIAN_POINT('',(166.234375,-19.300625,-7.));
#3315=CARTESIAN_POINT('',(172.234374940395,-19.300625,-7.));
#3316=CARTESIAN_POINT('',(165.234375,-19.300625,-8.00000000000002));
#3317=CARTESIAN_POINT('Origin',(166.234375,-19.300625,-8.00000000000002));
#3318=CARTESIAN_POINT('',(165.234375,-19.300625,-9.99999999999999));
#3319=CARTESIAN_POINT('',(165.234375,-19.300625,-8.00000000000001));
#3320=CARTESIAN_POINT('',(166.234375,-19.300625,-11.));
#3321=CARTESIAN_POINT('Origin',(166.234375,-19.300625,-9.99999999999999));
#3322=CARTESIAN_POINT('',(168.234374940395,-19.300625,-11.));
#3323=CARTESIAN_POINT('Origin',(174.234375,-17.300625,-7.));
#3324=CARTESIAN_POINT('',(174.234375,-20.300625,-7.));
#3325=CARTESIAN_POINT('',(174.234375,-17.300625,-7.));
#3326=CARTESIAN_POINT('',(166.234375,-20.300625,-7.));
#3327=CARTESIAN_POINT('',(136.89088936293,-20.300625,-7.));
#3328=CARTESIAN_POINT('',(166.234375,-17.300625,-7.));
#3329=CARTESIAN_POINT('Origin',(174.234375,-17.300625,-8.00000000000002));
#3330=CARTESIAN_POINT('',(175.234375,-20.300625,-8.00000000000002));
#3331=CARTESIAN_POINT('',(175.234375,-17.300625,-8.00000000000002));
#3332=CARTESIAN_POINT('Origin',(174.234375,-20.300625,-8.00000000000002));
#3333=CARTESIAN_POINT('Origin',(175.234375,-17.300625,-10.));
#3334=CARTESIAN_POINT('',(175.234375,-20.300625,-10.));
#3335=CARTESIAN_POINT('',(175.234375,-17.300625,-10.));
#3336=CARTESIAN_POINT('',(175.234375,-20.300625,-5.));
#3337=CARTESIAN_POINT('Origin',(174.234375,-17.300625,-9.99999999999999));
#3338=CARTESIAN_POINT('',(174.234375,-20.300625,-11.));
#3339=CARTESIAN_POINT('',(174.234375,-17.300625,-11.));
#3340=CARTESIAN_POINT('Origin',(174.234375,-20.300625,-9.99999999999999));
#3341=CARTESIAN_POINT('Origin',(145.0609375,-18.300625,-13.));
#3342=CARTESIAN_POINT('',(186.934375,-17.300625,-12.));
#3343=CARTESIAN_POINT('',(145.0609375,-17.300625,-12.));
#3344=CARTESIAN_POINT('',(184.934375,-19.300625,-14.));
#3345=CARTESIAN_POINT('Origin',(166.234375,-17.300625,-11.));
#3346=CARTESIAN_POINT('',(166.234375,-20.300625,-11.));
#3347=CARTESIAN_POINT('',(166.234375,-17.300625,-11.));
#3348=CARTESIAN_POINT('',(132.89088936293,-20.300625,-11.));
#3349=CARTESIAN_POINT('Origin',(166.234375,-17.300625,-9.99999999999999));
#3350=CARTESIAN_POINT('',(165.234375,-20.300625,-9.99999999999999));
#3351=CARTESIAN_POINT('',(165.234375,-17.300625,-9.99999999999999));
#3352=CARTESIAN_POINT('Origin',(166.234375,-20.300625,-9.99999999999999));
#3353=CARTESIAN_POINT('Origin',(165.234375,-17.300625,-8.00000000000002));
#3354=CARTESIAN_POINT('',(165.234375,-20.300625,-8.00000000000002));
#3355=CARTESIAN_POINT('',(165.234375,-17.300625,-8.00000000000002));
#3356=CARTESIAN_POINT('',(165.234375,-20.300625,-4.00000000000001));
#3357=CARTESIAN_POINT('Origin',(166.234375,-17.300625,-8.00000000000002));
#3358=CARTESIAN_POINT('Origin',(166.234375,-20.300625,-8.00000000000002));
#3359=CARTESIAN_POINT('Origin',(77.535312318858,-23.3960750516036,-13.));
#3360=CARTESIAN_POINT('',(21.440625,-30.2745503973348,-12.));
#3361=CARTESIAN_POINT('',(97.4969222902878,-19.5791346361083,-12.));
#3362=CARTESIAN_POINT('',(77.3960575008038,-22.4058184708889,-12.));
#3363=CARTESIAN_POINT('',(97.025971012247,-21.4007882331309,-13.7383222276982));
#3364=CARTESIAN_POINT('',(23.440625,-32.0129789999999,-14.));
#3365=CARTESIAN_POINT('Origin',(22.440625,-73.3466933862896,-13.));
#3366=CARTESIAN_POINT('',(21.440625,-111.356875,-12.));
#3367=CARTESIAN_POINT('',(23.440625,-109.356875,-14.));
#3368=CARTESIAN_POINT('',(21.440625,-73.3466933862896,-12.));
#3369=CARTESIAN_POINT('Origin',(76.1015625,-110.356875,-13.));
#3370=CARTESIAN_POINT('',(76.590625,-111.356875,-12.));
#3371=CARTESIAN_POINT('',(79.8932801353963,-108.054219864604,-15.3026551353963));
#3372=CARTESIAN_POINT('',(76.1015625,-111.356875,-12.));
#3373=CARTESIAN_POINT('Origin',(59.5982850439128,-24.9086299780495,-10.5));
#3374=CARTESIAN_POINT('',(21.440625,-30.2745503973348,-7.00000000000001));
#3375=CARTESIAN_POINT('',(21.440625,-30.2745503973348,-10.5));
#3376=CARTESIAN_POINT('',(92.5456393867145,-20.2754087263792,-7.));
#3377=CARTESIAN_POINT('',(19.7191346361084,-30.5166349560991,-7.00000000000001));
#3378=CARTESIAN_POINT('',(99.4774354517172,-19.3006249999999,-14.));
#3379=CARTESIAN_POINT('Origin',(21.440625,-69.9464983973349,-10.5));
#3380=CARTESIAN_POINT('',(21.440625,-111.356875,-6.99999999999997));
#3381=CARTESIAN_POINT('',(21.440625,-111.356875,-10.5));
#3382=CARTESIAN_POINT('',(21.440625,-28.5361217946698,-7.00000000000001));
#3383=CARTESIAN_POINT('Origin',(49.015625,-111.356875,-10.5));
#3384=CARTESIAN_POINT('',(71.590625,-111.356875,-7.));
#3385=CARTESIAN_POINT('',(78.590625,-111.356875,-14.));
#3386=CARTESIAN_POINT('',(71.590625,-111.356875,-7.));
#3387=CARTESIAN_POINT('Origin',(53.6800106581023,-24.7310479446312,-6.));
#3388=CARTESIAN_POINT('',(19.440625,-28.5361217946698,-4.99999999999998));
#3389=CARTESIAN_POINT('',(21.440625,-30.2745503973348,-6.99999999999998));
#3390=CARTESIAN_POINT('',(93.0874851625286,-18.1795330964223,-5.00000000000002));
#3391=CARTESIAN_POINT('',(53.5407558400481,-23.7407913639165,-5.));
#3392=CARTESIAN_POINT('',(93.0874851625286,-18.1795330964223,-5.00000000000002));
#3393=CARTESIAN_POINT('Origin',(20.440625,-70.9464983973349,-5.99999999999997));
#3394=CARTESIAN_POINT('',(19.440625,-113.356875,-4.99999999999997));
#3395=CARTESIAN_POINT('',(21.440625,-111.356875,-6.99999999999998));
#3396=CARTESIAN_POINT('',(19.440625,-70.9464983973349,-4.99999999999997));
#3397=CARTESIAN_POINT('Origin',(60.5102317811865,-112.356875,5.49460678118655));
#3398=CARTESIAN_POINT('',(76.590625,-113.356875,-9.17157287525379));
#3399=CARTESIAN_POINT('',(76.590625,-118.808820487803,-1.46135762508451));
#3400=CARTESIAN_POINT('',(72.4190521247462,-113.356875,-5.));
#3401=CARTESIAN_POINT('',(61.2173385623731,-113.356875,6.20171356237311));
#3402=CARTESIAN_POINT('',(72.4190521247462,-113.356875,-5.));
#3403=CARTESIAN_POINT('Origin',(19.440625,-112.356875,-5.99999999999997));
#3404=CARTESIAN_POINT('',(19.440625,-113.356875,-4.99999999999998));
#3405=CARTESIAN_POINT('Origin',(96.6071430164553,-18.6944205466733,-9.82787735588493));
#3406=CARTESIAN_POINT('',(99.3374989034314,-17.300625,-11.3115094235397));
#3407=CARTESIAN_POINT('',(97.168105341739,-17.6056959397996,-9.12077057469838));
#3408=CARTESIAN_POINT('',(99.9174305483082,-17.300625,-12.));
#3409=CARTESIAN_POINT('',(113.796588419195,-17.300625,-28.4772339770147));
#3410=CARTESIAN_POINT('',(100.346037894022,-15.3523880808404,-10.0517630808404));
#3411=CARTESIAN_POINT('Origin',(186.934375,-17.300625,0.));
#3412=CARTESIAN_POINT('',(145.0609375,-17.300625,-12.));
#3413=CARTESIAN_POINT('',(99.3374989034314,-17.300625,3.));
#3414=CARTESIAN_POINT('',(99.3374989034314,-17.300625,0.));
#3415=CARTESIAN_POINT('',(186.934375,-17.300625,3.));
#3416=CARTESIAN_POINT('',(186.934375,-17.300625,3.));
#3417=CARTESIAN_POINT('',(186.934375,-17.300625,0.));
#3418=CARTESIAN_POINT('Origin',(99.3374989034314,-17.300625,0.));
#3419=CARTESIAN_POINT('',(19.440625,-28.5361217946698,3.));
#3420=CARTESIAN_POINT('',(19.440625,-28.5361217946698,0.));
#3421=CARTESIAN_POINT('',(99.3374989034314,-17.300625,3.));
#3422=CARTESIAN_POINT('Origin',(19.440625,-28.5361217946698,0.));
#3423=CARTESIAN_POINT('',(19.440625,-113.356875,3.));
#3424=CARTESIAN_POINT('',(19.440625,-113.356875,0.));
#3425=CARTESIAN_POINT('',(19.440625,-28.5361217946698,3.));
#3426=CARTESIAN_POINT('Origin',(19.440625,-113.356875,0.));
#3427=CARTESIAN_POINT('',(76.590625,-113.356875,3.));
#3428=CARTESIAN_POINT('',(76.590625,-113.356875,0.));
#3429=CARTESIAN_POINT('',(19.440625,-113.356875,3.));
#3430=CARTESIAN_POINT('Origin',(185.934375,-94.4289576829372,-13.));
#3431=CARTESIAN_POINT('',(186.934375,-112.11102699063,-12.));
#3432=CARTESIAN_POINT('',(186.934375,-94.4289576829372,-12.));
#3433=CARTESIAN_POINT('',(184.934375,-111.935981495316,-14.));
#3434=CARTESIAN_POINT('Origin',(145.0609375,-18.300625,-13.));
#3435=CARTESIAN_POINT('Origin',(77.590625,-95.0518816876222,-13.));
#3436=CARTESIAN_POINT('',(76.590625,-125.263125,-12.));
#3437=CARTESIAN_POINT('',(76.590625,-95.0518816876222,-12.));
#3438=CARTESIAN_POINT('',(78.590625,-123.263125,-14.));
#3439=CARTESIAN_POINT('Origin',(89.8890625,-124.263125,-13.));
#3440=CARTESIAN_POINT('',(120.699106250901,-125.263125,-12.));
#3441=CARTESIAN_POINT('',(89.8890625,-125.263125,-12.));
#3442=CARTESIAN_POINT('',(120.874083581932,-123.263125,-14.));
#3443=CARTESIAN_POINT('Origin',(108.232588447527,-122.049514892438,-13.));
#3444=CARTESIAN_POINT('',(182.686366817696,-136.193151750489,-12.));
#3445=CARTESIAN_POINT('',(108.058940265971,-123.034322644764,-12.));
#3446=CARTESIAN_POINT('',(181.064180908848,-133.876263375244,-14.));
#3447=CARTESIAN_POINT('Origin',(185.586903199857,-113.993335486811,-13.));
#3448=CARTESIAN_POINT('',(186.571699203273,-114.167050286569,-12.));
#3449=CARTESIAN_POINT('Origin',(76.590625,-113.356875,0.));
#3450=CARTESIAN_POINT('',(76.590625,-125.263125,3.));
#3451=CARTESIAN_POINT('',(76.590625,-125.263125,0.));
#3452=CARTESIAN_POINT('',(76.590625,-113.356875,3.));
#3453=CARTESIAN_POINT('Origin',(76.590625,-125.263125,0.));
#3454=CARTESIAN_POINT('',(120.699106250901,-125.263125,3.));
#3455=CARTESIAN_POINT('',(120.699106250901,-125.263125,0.));
#3456=CARTESIAN_POINT('',(76.590625,-125.263125,3.));
#3457=CARTESIAN_POINT('Origin',(120.699106250901,-125.263125,0.));
#3458=CARTESIAN_POINT('',(182.686366817696,-136.193151750489,3.));
#3459=CARTESIAN_POINT('',(182.686366817696,-136.193151750489,0.));
#3460=CARTESIAN_POINT('',(120.699106250901,-125.263125,3.));
#3461=CARTESIAN_POINT('Origin',(182.686366817696,-136.193151750489,0.));
#3462=CARTESIAN_POINT('',(186.934375,-112.11102699063,3.));
#3463=CARTESIAN_POINT('',(186.934375,-112.11102699063,0.));
#3464=CARTESIAN_POINT('',(182.686366817696,-136.193151750489,3.));
#3465=CARTESIAN_POINT('Origin',(186.934375,-112.11102699063,0.));
#3466=CARTESIAN_POINT('',(186.934375,-112.11102699063,3.));
#3467=CARTESIAN_POINT('Origin',(79.590625,-110.356875,0.));
#3468=CARTESIAN_POINT('',(22.440625,-110.356875,3.));
#3469=CARTESIAN_POINT('',(22.440625,-110.356875,0.));
#3470=CARTESIAN_POINT('',(79.590625,-110.356875,3.));
#3471=CARTESIAN_POINT('',(22.440625,-110.356875,3.));
#3472=CARTESIAN_POINT('',(79.590625,-110.356875,0.));
#3473=CARTESIAN_POINT('Origin',(79.590625,-122.263125,0.));
#3474=CARTESIAN_POINT('',(79.590625,-122.263125,3.));
#3475=CARTESIAN_POINT('',(79.590625,-110.356875,3.));
#3476=CARTESIAN_POINT('',(79.590625,-122.263125,0.));
#3477=CARTESIAN_POINT('Origin',(120.961572247446,-122.263125,0.));
#3478=CARTESIAN_POINT('',(120.961572247446,-122.263125,3.));
#3479=CARTESIAN_POINT('',(79.590625,-122.263125,3.));
#3480=CARTESIAN_POINT('',(120.961572247446,-122.263125,0.));
#3481=CARTESIAN_POINT('Origin',(180.253087954424,-132.717819187622,0.));
#3482=CARTESIAN_POINT('',(180.253087954424,-132.717819187622,3.));
#3483=CARTESIAN_POINT('',(120.961572247446,-122.263125,3.));
#3484=CARTESIAN_POINT('',(180.253087954424,-132.717819187622,0.));
#3485=CARTESIAN_POINT('Origin',(183.934375,-111.848458747658,0.));
#3486=CARTESIAN_POINT('',(183.934375,-111.848458747658,3.));
#3487=CARTESIAN_POINT('',(180.253087954424,-132.717819187622,3.));
#3488=CARTESIAN_POINT('',(183.934375,-111.848458747658,0.));
#3489=CARTESIAN_POINT('Origin',(183.934375,-20.300625,0.));
#3490=CARTESIAN_POINT('',(183.934375,-20.300625,3.));
#3491=CARTESIAN_POINT('',(183.934375,-111.848458747658,3.));
#3492=CARTESIAN_POINT('',(183.934375,-20.300625,0.));
#3493=CARTESIAN_POINT('Origin',(99.5474037258594,-20.300625,0.));
#3494=CARTESIAN_POINT('',(99.5474037258594,-20.300625,3.));
#3495=CARTESIAN_POINT('',(183.934375,-20.300625,3.));
#3496=CARTESIAN_POINT('',(99.5474037258594,-20.300625,0.));
#3497=CARTESIAN_POINT('Origin',(22.440625,-31.1437646986674,0.));
#3498=CARTESIAN_POINT('',(22.440625,-31.1437646986674,3.));
#3499=CARTESIAN_POINT('',(99.5474037258594,-20.300625,3.));
#3500=CARTESIAN_POINT('',(22.440625,-31.1437646986674,0.));
#3501=CARTESIAN_POINT('Origin',(22.440625,-110.356875,0.));
#3502=CARTESIAN_POINT('',(22.440625,-31.1437646986674,3.));
#3503=CARTESIAN_POINT('Origin',(103.1875,-76.7468883752443,3.));
#3504=CARTESIAN_POINT('Origin',(-138.137508,-48.974423,-11.5));
#3505=CARTESIAN_POINT('',(-139.737508,-48.974423,-11.5));
#3506=CARTESIAN_POINT('Origin',(-138.137508,-48.974423,-11.5));
#3507=CARTESIAN_POINT('Origin',(-42.887508,-51.355673,-11.5));
#3508=CARTESIAN_POINT('',(-44.487508,-51.355673,-11.5));
#3509=CARTESIAN_POINT('Origin',(-42.887508,-51.355673,-11.5));
#3510=CARTESIAN_POINT('Origin',(-138.137508,-87.074423,-11.5));
#3511=CARTESIAN_POINT('',(-139.737508,-87.074423,-11.5));
#3512=CARTESIAN_POINT('Origin',(-138.137508,-87.074423,-11.5));
#3513=CARTESIAN_POINT('Origin',(-42.887508,-89.455673,-11.5));
#3514=CARTESIAN_POINT('',(-44.487508,-89.455673,-11.5));
#3515=CARTESIAN_POINT('Origin',(-42.887508,-89.455673,-11.5));
#3516=CARTESIAN_POINT('Origin',(-138.137508,-48.974423,-12.));
#3517=CARTESIAN_POINT('',(-139.737508,-48.974423,-5.));
#3518=CARTESIAN_POINT('Origin',(-138.137508,-48.974423,-5.));
#3519=CARTESIAN_POINT('',(-139.737508,-48.974423,-12.));
#3520=CARTESIAN_POINT('Origin',(-138.137508,-48.974423,-12.));
#3521=CARTESIAN_POINT('',(-140.637508,-48.974423,-5.));
#3522=CARTESIAN_POINT('Origin',(-138.137508,-48.974423,-5.));
#3523=CARTESIAN_POINT('',(-140.637508,-48.974423,-12.));
#3524=CARTESIAN_POINT('',(-140.637508,-48.974423,-12.));
#3525=CARTESIAN_POINT('Origin',(-138.137508,-48.974423,-12.));
#3526=CARTESIAN_POINT('Origin',(-138.137508,-48.974423,-5.));
#3527=CARTESIAN_POINT('Origin',(-103.1875,-76.7468883752443,-12.));
#3528=CARTESIAN_POINT('',(-22.440625,-110.356875,-12.));
#3529=CARTESIAN_POINT('',(-79.590625,-110.356875,-12.));
#3530=CARTESIAN_POINT('',(-22.440625,-110.356875,-12.));
#3531=CARTESIAN_POINT('',(-22.440625,-31.1437646986674,-12.));
#3532=CARTESIAN_POINT('',(-22.440625,-31.1437646986674,-12.));
#3533=CARTESIAN_POINT('',(-99.5474037258594,-20.300625,-12.));
#3534=CARTESIAN_POINT('',(-99.5474037258594,-20.300625,-12.));
#3535=CARTESIAN_POINT('',(-183.934375,-20.300625,-12.));
#3536=CARTESIAN_POINT('',(-183.934375,-20.300625,-12.));
#3537=CARTESIAN_POINT('',(-183.934375,-111.848458747658,-12.));
#3538=CARTESIAN_POINT('',(-183.934375,-111.848458747658,-12.));
#3539=CARTESIAN_POINT('',(-180.253087954424,-132.717819187622,-12.));
#3540=CARTESIAN_POINT('',(-180.253087954424,-132.717819187622,-12.));
#3541=CARTESIAN_POINT('',(-120.961572247446,-122.263125,-12.));
#3542=CARTESIAN_POINT('',(-120.961572247446,-122.263125,-12.));
#3543=CARTESIAN_POINT('',(-79.590625,-122.263125,-12.));
#3544=CARTESIAN_POINT('',(-79.590625,-122.263125,-12.));
#3545=CARTESIAN_POINT('',(-79.590625,-110.356875,-12.));
#3546=CARTESIAN_POINT('',(-45.387508,-51.355673,-12.));
#3547=CARTESIAN_POINT('Origin',(-42.887508,-51.355673,-12.));
#3548=CARTESIAN_POINT('',(-45.387508,-89.455673,-12.));
#3549=CARTESIAN_POINT('Origin',(-42.887508,-89.455673,-12.));
#3550=CARTESIAN_POINT('',(-140.637508,-87.074423,-12.));
#3551=CARTESIAN_POINT('Origin',(-138.137508,-87.074423,-12.));
#3552=CARTESIAN_POINT('Origin',(-42.887508,-51.355673,-12.));
#3553=CARTESIAN_POINT('',(-44.487508,-51.355673,-5.));
#3554=CARTESIAN_POINT('Origin',(-42.887508,-51.355673,-5.));
#3555=CARTESIAN_POINT('',(-44.487508,-51.355673,-12.));
#3556=CARTESIAN_POINT('Origin',(-42.887508,-51.355673,-12.));
#3557=CARTESIAN_POINT('',(-45.387508,-51.355673,-5.));
#3558=CARTESIAN_POINT('Origin',(-42.887508,-51.355673,-5.));
#3559=CARTESIAN_POINT('',(-45.387508,-51.355673,-12.));
#3560=CARTESIAN_POINT('Origin',(-42.887508,-51.355673,-5.));
#3561=CARTESIAN_POINT('Origin',(-138.137508,-87.074423,-12.));
#3562=CARTESIAN_POINT('',(-139.737508,-87.074423,-5.));
#3563=CARTESIAN_POINT('Origin',(-138.137508,-87.074423,-5.));
#3564=CARTESIAN_POINT('',(-139.737508,-87.074423,-12.));
#3565=CARTESIAN_POINT('Origin',(-138.137508,-87.074423,-12.));
#3566=CARTESIAN_POINT('',(-140.637508,-87.074423,-5.));
#3567=CARTESIAN_POINT('Origin',(-138.137508,-87.074423,-5.));
#3568=CARTESIAN_POINT('',(-140.637508,-87.074423,-12.));
#3569=CARTESIAN_POINT('Origin',(-138.137508,-87.074423,-5.));
#3570=CARTESIAN_POINT('Origin',(-42.887508,-89.455673,-12.));
#3571=CARTESIAN_POINT('',(-44.487508,-89.455673,-5.));
#3572=CARTESIAN_POINT('Origin',(-42.887508,-89.455673,-5.));
#3573=CARTESIAN_POINT('',(-44.487508,-89.455673,-12.));
#3574=CARTESIAN_POINT('Origin',(-42.887508,-89.455673,-12.));
#3575=CARTESIAN_POINT('',(-45.387508,-89.455673,-5.));
#3576=CARTESIAN_POINT('Origin',(-42.887508,-89.455673,-5.));
#3577=CARTESIAN_POINT('',(-45.387508,-89.455673,-12.));
#3578=CARTESIAN_POINT('Origin',(-42.887508,-89.455673,-5.));
#3579=CARTESIAN_POINT('Origin',(-136.710937440395,-20.300625,-13.));
#3580=CARTESIAN_POINT('',(-162.234374761581,-21.300625,-14.));
#3581=CARTESIAN_POINT('',(-162.234374761581,-19.300625,-12.));
#3582=CARTESIAN_POINT('',(-162.234374761581,-16.800625,-9.5));
#3583=CARTESIAN_POINT('',(-178.234375,-21.300625,-14.));
#3584=CARTESIAN_POINT('',(-136.710937440395,-21.300625,-14.));
#3585=CARTESIAN_POINT('',(-178.234375,-19.300625,-12.));
#3586=CARTESIAN_POINT('',(-178.234375,-19.800625,-12.5));
#3587=CARTESIAN_POINT('',(-136.710937440395,-19.300625,-12.));
#3588=CARTESIAN_POINT('Origin',(-103.1875,-76.7468883752443,-14.));
#3589=CARTESIAN_POINT('',(-162.234374761581,-19.300625,-14.));
#3590=CARTESIAN_POINT('',(-162.234374761581,-47.0237566876221,-14.));
#3591=CARTESIAN_POINT('',(-99.4774354517172,-19.300625,-14.));
#3592=CARTESIAN_POINT('',(-145.0609375,-19.300625,-14.));
#3593=CARTESIAN_POINT('',(-96.9550765144739,-21.6750102660653,-14.));
#3594=CARTESIAN_POINT('',(-85.5159694064535,-32.4430444951312,-14.));
#3595=CARTESIAN_POINT('',(-23.440625,-32.0129789999999,-14.));
#3596=CARTESIAN_POINT('',(-77.6745671369122,-24.3863316323183,-14.));
#3597=CARTESIAN_POINT('',(-23.440625,-109.356875,-14.));
#3598=CARTESIAN_POINT('',(-23.440625,-73.3466933862896,-14.));
#3599=CARTESIAN_POINT('',(-78.590625,-109.356875,-14.));
#3600=CARTESIAN_POINT('',(-76.1015625,-109.356875,-14.));
#3601=CARTESIAN_POINT('',(-78.590625,-123.263125,-14.));
#3602=CARTESIAN_POINT('',(-78.590625,-95.0518816876222,-14.));
#3603=CARTESIAN_POINT('',(-120.874083581932,-123.263125,-14.));
#3604=CARTESIAN_POINT('',(-89.8890625,-123.263125,-14.));
#3605=CARTESIAN_POINT('',(-181.064180908848,-133.876263375244,-14.));
#3606=CARTESIAN_POINT('',(-108.406236629082,-121.064707140111,-14.));
#3607=CARTESIAN_POINT('',(-184.934375,-111.935981495316,-14.));
#3608=CARTESIAN_POINT('',(-184.60210719644,-113.819620687053,-14.));
#3609=CARTESIAN_POINT('',(-184.934375,-19.300625,-14.));
#3610=CARTESIAN_POINT('',(-184.934375,-94.4289576829372,-14.));
#3611=CARTESIAN_POINT('',(-178.234375,-19.300625,-14.));
#3612=CARTESIAN_POINT('',(-145.0609375,-19.300625,-14.));
#3613=CARTESIAN_POINT('',(-178.234375,-47.0237566876221,-14.));
#3614=CARTESIAN_POINT('Origin',(-178.234375,-17.300625,-14.));
#3615=CARTESIAN_POINT('',(-178.234375,-17.300625,-12.));
#3616=CARTESIAN_POINT('',(-178.234375,-18.300625,-13.));
#3617=CARTESIAN_POINT('',(-178.234375,-17.300625,-2.));
#3618=CARTESIAN_POINT('',(-178.234375,-17.300625,-7.));
#3619=CARTESIAN_POINT('',(-178.234375,-19.300625,-2.));
#3620=CARTESIAN_POINT('',(-178.234375,-17.300625,-2.));
#3621=CARTESIAN_POINT('',(-178.234375,-19.300625,-2.));
#3622=CARTESIAN_POINT('Origin',(-178.234375,-17.300625,-2.));
#3623=CARTESIAN_POINT('',(-162.234374761581,-17.300625,-2.));
#3624=CARTESIAN_POINT('',(-182.584375,-17.300625,-2.));
#3625=CARTESIAN_POINT('',(-162.234374761581,-19.300625,-2.));
#3626=CARTESIAN_POINT('',(-162.234374761581,-17.300625,-2.));
#3627=CARTESIAN_POINT('',(-162.234374761581,-19.300625,-2.));
#3628=CARTESIAN_POINT('Origin',(-162.234374761581,-17.300625,-2.));
#3629=CARTESIAN_POINT('',(-162.234374761581,-17.300625,-12.));
#3630=CARTESIAN_POINT('',(-162.234374761581,-15.300625,-10.));
#3631=CARTESIAN_POINT('',(-162.234374761581,-19.300625,-12.));
#3632=CARTESIAN_POINT('',(-162.234374761581,-17.300625,-1.));
#3633=CARTESIAN_POINT('Origin',(-170.234374880791,-19.300625,-8.));
#3634=CARTESIAN_POINT('',(-175.234375,-19.300625,-10.));
#3635=CARTESIAN_POINT('',(-174.234375,-19.300625,-11.));
#3636=CARTESIAN_POINT('Origin',(-174.234375,-19.300625,-9.99999999999999));
#3637=CARTESIAN_POINT('',(-166.234375,-19.300625,-11.));
#3638=CARTESIAN_POINT('',(-168.234374940395,-19.300625,-11.));
#3639=CARTESIAN_POINT('',(-165.234375,-19.300625,-9.99999999999999));
#3640=CARTESIAN_POINT('Origin',(-166.234375,-19.300625,-9.99999999999999));
#3641=CARTESIAN_POINT('',(-165.234375,-19.300625,-8.00000000000002));
#3642=CARTESIAN_POINT('',(-165.234375,-19.300625,-8.00000000000001));
#3643=CARTESIAN_POINT('',(-166.234375,-19.300625,-7.));
#3644=CARTESIAN_POINT('Origin',(-166.234375,-19.300625,-8.00000000000002));
#3645=CARTESIAN_POINT('',(-174.234375,-19.300625,-7.));
#3646=CARTESIAN_POINT('',(-172.234374940395,-19.300625,-7.));
#3647=CARTESIAN_POINT('',(-175.234375,-19.300625,-8.00000000000002));
#3648=CARTESIAN_POINT('Origin',(-174.234375,-19.300625,-8.00000000000002));
#3649=CARTESIAN_POINT('',(-175.234375,-19.300625,-9.));
#3650=CARTESIAN_POINT('Origin',(-174.234375,-17.300625,-7.));
#3651=CARTESIAN_POINT('',(-166.234375,-20.300625,-7.));
#3652=CARTESIAN_POINT('',(-166.234375,-17.300625,-7.));
#3653=CARTESIAN_POINT('',(-174.234375,-20.300625,-7.));
#3654=CARTESIAN_POINT('',(-136.89088936293,-20.300625,-7.));
#3655=CARTESIAN_POINT('',(-174.234375,-17.300625,-7.));
#3656=CARTESIAN_POINT('Origin',(-174.234375,-17.300625,-8.00000000000002));
#3657=CARTESIAN_POINT('',(-175.234375,-20.300625,-8.00000000000002));
#3658=CARTESIAN_POINT('Origin',(-174.234375,-20.300625,-8.00000000000002));
#3659=CARTESIAN_POINT('',(-175.234375,-17.300625,-8.00000000000002));
#3660=CARTESIAN_POINT('Origin',(-175.234375,-17.300625,-10.));
#3661=CARTESIAN_POINT('',(-175.234375,-20.300625,-10.));
#3662=CARTESIAN_POINT('',(-175.234375,-20.300625,-5.));
#3663=CARTESIAN_POINT('',(-175.234375,-17.300625,-10.));
#3664=CARTESIAN_POINT('Origin',(-174.234375,-17.300625,-9.99999999999999));
#3665=CARTESIAN_POINT('',(-174.234375,-20.300625,-11.));
#3666=CARTESIAN_POINT('Origin',(-174.234375,-20.300625,-9.99999999999999));
#3667=CARTESIAN_POINT('',(-174.234375,-17.300625,-11.));
#3668=CARTESIAN_POINT('Origin',(-145.0609375,-18.300625,-13.));
#3669=CARTESIAN_POINT('',(-186.934375,-17.300625,-12.));
#3670=CARTESIAN_POINT('',(-184.934375,-19.300625,-14.));
#3671=CARTESIAN_POINT('',(-145.0609375,-17.300625,-12.));
#3672=CARTESIAN_POINT('Origin',(-166.234375,-17.300625,-11.));
#3673=CARTESIAN_POINT('',(-166.234375,-20.300625,-11.));
#3674=CARTESIAN_POINT('',(-132.89088936293,-20.300625,-11.));
#3675=CARTESIAN_POINT('',(-166.234375,-17.300625,-11.));
#3676=CARTESIAN_POINT('Origin',(-166.234375,-17.300625,-9.99999999999999));
#3677=CARTESIAN_POINT('',(-165.234375,-20.300625,-9.99999999999999));
#3678=CARTESIAN_POINT('Origin',(-166.234375,-20.300625,-9.99999999999999));
#3679=CARTESIAN_POINT('',(-165.234375,-17.300625,-9.99999999999999));
#3680=CARTESIAN_POINT('Origin',(-165.234375,-17.300625,-8.00000000000002));
#3681=CARTESIAN_POINT('',(-165.234375,-20.300625,-8.00000000000002));
#3682=CARTESIAN_POINT('',(-165.234375,-20.300625,-4.00000000000001));
#3683=CARTESIAN_POINT('',(-165.234375,-17.300625,-8.00000000000002));
#3684=CARTESIAN_POINT('Origin',(-166.234375,-17.300625,-8.00000000000002));
#3685=CARTESIAN_POINT('Origin',(-166.234375,-20.300625,-8.00000000000002));
#3686=CARTESIAN_POINT('Origin',(-77.535312318858,-23.3960750516036,-13.));
#3687=CARTESIAN_POINT('',(-21.440625,-30.2745503973348,-12.));
#3688=CARTESIAN_POINT('',(-97.4969222902878,-19.5791346361083,-12.));
#3689=CARTESIAN_POINT('',(-77.3960575008038,-22.4058184708889,-12.));
#3690=CARTESIAN_POINT('',(-23.440625,-32.0129789999999,-14.));
#3691=CARTESIAN_POINT('',(-97.025971012247,-21.4007882331309,-13.7383222276982));
#3692=CARTESIAN_POINT('Origin',(-22.440625,-73.3466933862896,-13.));
#3693=CARTESIAN_POINT('',(-21.440625,-111.356875,-12.));
#3694=CARTESIAN_POINT('',(-21.440625,-73.3466933862896,-12.));
#3695=CARTESIAN_POINT('',(-23.440625,-109.356875,-14.));
#3696=CARTESIAN_POINT('Origin',(-76.1015625,-110.356875,-13.));
#3697=CARTESIAN_POINT('',(-76.590625,-111.356875,-12.));
#3698=CARTESIAN_POINT('',(-76.1015625,-111.356875,-12.));
#3699=CARTESIAN_POINT('',(-79.8932801353963,-108.054219864604,-15.3026551353963));
#3700=CARTESIAN_POINT('Origin',(-59.5982850439128,-24.9086299780495,-10.5));
#3701=CARTESIAN_POINT('',(-92.5456393867145,-20.2754087263792,-7.));
#3702=CARTESIAN_POINT('',(-99.4774354517172,-19.3006249999999,-14.));
#3703=CARTESIAN_POINT('',(-21.440625,-30.2745503973348,-7.00000000000001));
#3704=CARTESIAN_POINT('',(-19.7191346361084,-30.5166349560991,-7.00000000000001));
#3705=CARTESIAN_POINT('',(-21.440625,-30.2745503973348,-10.5));
#3706=CARTESIAN_POINT('Origin',(-21.440625,-69.9464983973349,-10.5));
#3707=CARTESIAN_POINT('',(-21.440625,-111.356875,-6.99999999999997));
#3708=CARTESIAN_POINT('',(-21.440625,-28.5361217946698,-7.00000000000001));
#3709=CARTESIAN_POINT('',(-21.440625,-111.356875,-10.5));
#3710=CARTESIAN_POINT('Origin',(-49.015625,-111.356875,-10.5));
#3711=CARTESIAN_POINT('',(-71.590625,-111.356875,-7.));
#3712=CARTESIAN_POINT('',(-71.590625,-111.356875,-7.));
#3713=CARTESIAN_POINT('',(-78.590625,-111.356875,-14.));
#3714=CARTESIAN_POINT('Origin',(-53.6800106581023,-24.7310479446312,-6.));
#3715=CARTESIAN_POINT('',(-93.0874851625286,-18.1795330964223,-5.00000000000002));
#3716=CARTESIAN_POINT('',(-93.0874851625286,-18.1795330964223,-5.00000000000002));
#3717=CARTESIAN_POINT('',(-19.440625,-28.5361217946698,-4.99999999999998));
#3718=CARTESIAN_POINT('',(-53.5407558400481,-23.7407913639165,-5.));
#3719=CARTESIAN_POINT('',(-21.440625,-30.2745503973348,-6.99999999999998));
#3720=CARTESIAN_POINT('Origin',(-20.440625,-70.9464983973349,-5.99999999999997));
#3721=CARTESIAN_POINT('',(-19.440625,-113.356875,-4.99999999999997));
#3722=CARTESIAN_POINT('',(-19.440625,-70.9464983973349,-4.99999999999997));
#3723=CARTESIAN_POINT('',(-21.440625,-111.356875,-6.99999999999998));
#3724=CARTESIAN_POINT('Origin',(-60.5102317811865,-112.356875,5.49460678118655));
#3725=CARTESIAN_POINT('',(-72.4190521247462,-113.356875,-5.));
#3726=CARTESIAN_POINT('',(-72.4190521247462,-113.356875,-5.));
#3727=CARTESIAN_POINT('',(-76.590625,-113.356875,-9.17157287525379));
#3728=CARTESIAN_POINT('',(-61.2173385623731,-113.356875,6.20171356237311));
#3729=CARTESIAN_POINT('',(-76.590625,-118.808820487803,-1.46135762508451));
#3730=CARTESIAN_POINT('Origin',(-19.440625,-112.356875,-5.99999999999997));
#3731=CARTESIAN_POINT('',(-19.440625,-113.356875,-4.99999999999998));
#3732=CARTESIAN_POINT('Origin',(-96.6071430164553,-18.6944205466733,-9.82787735588493));
#3733=CARTESIAN_POINT('',(-99.3374989034314,-17.300625,-11.3115094235397));
#3734=CARTESIAN_POINT('',(-97.168105341739,-17.6056959397996,-9.12077057469838));
#3735=CARTESIAN_POINT('',(-99.9174305483082,-17.300625,-12.));
#3736=CARTESIAN_POINT('',(-100.346037894022,-15.3523880808404,-10.0517630808404));
#3737=CARTESIAN_POINT('',(-113.796588419195,-17.300625,-28.4772339770147));
#3738=CARTESIAN_POINT('Origin',(-186.934375,-17.300625,0.));
#3739=CARTESIAN_POINT('',(-186.934375,-17.300625,3.));
#3740=CARTESIAN_POINT('',(-186.934375,-17.300625,0.));
#3741=CARTESIAN_POINT('',(-99.3374989034314,-17.300625,3.));
#3742=CARTESIAN_POINT('',(-186.934375,-17.300625,3.));
#3743=CARTESIAN_POINT('',(-99.3374989034314,-17.300625,0.));
#3744=CARTESIAN_POINT('',(-145.0609375,-17.300625,-12.));
#3745=CARTESIAN_POINT('Origin',(-99.3374989034314,-17.300625,0.));
#3746=CARTESIAN_POINT('',(-19.440625,-28.5361217946698,3.));
#3747=CARTESIAN_POINT('',(-99.3374989034314,-17.300625,3.));
#3748=CARTESIAN_POINT('',(-19.440625,-28.5361217946698,0.));
#3749=CARTESIAN_POINT('Origin',(-19.440625,-28.5361217946698,0.));
#3750=CARTESIAN_POINT('',(-19.440625,-113.356875,3.));
#3751=CARTESIAN_POINT('',(-19.440625,-28.5361217946698,3.));
#3752=CARTESIAN_POINT('',(-19.440625,-113.356875,0.));
#3753=CARTESIAN_POINT('Origin',(-19.440625,-113.356875,0.));
#3754=CARTESIAN_POINT('',(-76.590625,-113.356875,3.));
#3755=CARTESIAN_POINT('',(-19.440625,-113.356875,3.));
#3756=CARTESIAN_POINT('',(-76.590625,-113.356875,0.));
#3757=CARTESIAN_POINT('Origin',(-185.934375,-94.4289576829372,-13.));
#3758=CARTESIAN_POINT('',(-186.934375,-112.11102699063,-12.));
#3759=CARTESIAN_POINT('',(-184.934375,-111.935981495316,-14.));
#3760=CARTESIAN_POINT('',(-186.934375,-94.4289576829372,-12.));
#3761=CARTESIAN_POINT('Origin',(-145.0609375,-18.300625,-13.));
#3762=CARTESIAN_POINT('Origin',(-77.590625,-95.0518816876222,-13.));
#3763=CARTESIAN_POINT('',(-76.590625,-125.263125,-12.));
#3764=CARTESIAN_POINT('',(-76.590625,-95.0518816876222,-12.));
#3765=CARTESIAN_POINT('',(-78.590625,-123.263125,-14.));
#3766=CARTESIAN_POINT('Origin',(-89.8890625,-124.263125,-13.));
#3767=CARTESIAN_POINT('',(-120.699106250901,-125.263125,-12.));
#3768=CARTESIAN_POINT('',(-89.8890625,-125.263125,-12.));
#3769=CARTESIAN_POINT('',(-120.874083581932,-123.263125,-14.));
#3770=CARTESIAN_POINT('Origin',(-108.232588447527,-122.049514892438,-13.));
#3771=CARTESIAN_POINT('',(-182.686366817696,-136.193151750489,-12.));
#3772=CARTESIAN_POINT('',(-108.058940265971,-123.034322644764,-12.));
#3773=CARTESIAN_POINT('',(-181.064180908848,-133.876263375244,-14.));
#3774=CARTESIAN_POINT('Origin',(-185.586903199857,-113.993335486811,-13.));
#3775=CARTESIAN_POINT('',(-186.571699203273,-114.167050286569,-12.));
#3776=CARTESIAN_POINT('Origin',(-76.590625,-113.356875,0.));
#3777=CARTESIAN_POINT('',(-76.590625,-125.263125,3.));
#3778=CARTESIAN_POINT('',(-76.590625,-113.356875,3.));
#3779=CARTESIAN_POINT('',(-76.590625,-125.263125,0.));
#3780=CARTESIAN_POINT('Origin',(-76.590625,-125.263125,0.));
#3781=CARTESIAN_POINT('',(-120.699106250901,-125.263125,3.));
#3782=CARTESIAN_POINT('',(-76.590625,-125.263125,3.));
#3783=CARTESIAN_POINT('',(-120.699106250901,-125.263125,0.));
#3784=CARTESIAN_POINT('Origin',(-120.699106250901,-125.263125,0.));
#3785=CARTESIAN_POINT('',(-182.686366817696,-136.193151750489,3.));
#3786=CARTESIAN_POINT('',(-120.699106250901,-125.263125,3.));
#3787=CARTESIAN_POINT('',(-182.686366817696,-136.193151750489,0.));
#3788=CARTESIAN_POINT('Origin',(-182.686366817696,-136.193151750489,0.));
#3789=CARTESIAN_POINT('',(-186.934375,-112.11102699063,3.));
#3790=CARTESIAN_POINT('',(-182.686366817696,-136.193151750489,3.));
#3791=CARTESIAN_POINT('',(-186.934375,-112.11102699063,0.));
#3792=CARTESIAN_POINT('Origin',(-186.934375,-112.11102699063,0.));
#3793=CARTESIAN_POINT('',(-186.934375,-112.11102699063,3.));
#3794=CARTESIAN_POINT('Origin',(-79.590625,-110.356875,0.));
#3795=CARTESIAN_POINT('',(-22.440625,-110.356875,3.));
#3796=CARTESIAN_POINT('',(-22.440625,-110.356875,0.));
#3797=CARTESIAN_POINT('',(-79.590625,-110.356875,3.));
#3798=CARTESIAN_POINT('',(-79.590625,-110.356875,0.));
#3799=CARTESIAN_POINT('',(-22.440625,-110.356875,3.));
#3800=CARTESIAN_POINT('Origin',(-79.590625,-122.263125,0.));
#3801=CARTESIAN_POINT('',(-79.590625,-122.263125,3.));
#3802=CARTESIAN_POINT('',(-79.590625,-122.263125,0.));
#3803=CARTESIAN_POINT('',(-79.590625,-110.356875,3.));
#3804=CARTESIAN_POINT('Origin',(-120.961572247446,-122.263125,0.));
#3805=CARTESIAN_POINT('',(-120.961572247446,-122.263125,3.));
#3806=CARTESIAN_POINT('',(-120.961572247446,-122.263125,0.));
#3807=CARTESIAN_POINT('',(-79.590625,-122.263125,3.));
#3808=CARTESIAN_POINT('Origin',(-180.253087954424,-132.717819187622,0.));
#3809=CARTESIAN_POINT('',(-180.253087954424,-132.717819187622,3.));
#3810=CARTESIAN_POINT('',(-180.253087954424,-132.717819187622,0.));
#3811=CARTESIAN_POINT('',(-120.961572247446,-122.263125,3.));
#3812=CARTESIAN_POINT('Origin',(-183.934375,-111.848458747658,0.));
#3813=CARTESIAN_POINT('',(-183.934375,-111.848458747658,3.));
#3814=CARTESIAN_POINT('',(-183.934375,-111.848458747658,0.));
#3815=CARTESIAN_POINT('',(-180.253087954424,-132.717819187622,3.));
#3816=CARTESIAN_POINT('Origin',(-183.934375,-20.300625,0.));
#3817=CARTESIAN_POINT('',(-183.934375,-20.300625,3.));
#3818=CARTESIAN_POINT('',(-183.934375,-20.300625,0.));
#3819=CARTESIAN_POINT('',(-183.934375,-111.848458747658,3.));
#3820=CARTESIAN_POINT('Origin',(-99.5474037258594,-20.300625,0.));
#3821=CARTESIAN_POINT('',(-99.5474037258594,-20.300625,3.));
#3822=CARTESIAN_POINT('',(-99.5474037258594,-20.300625,0.));
#3823=CARTESIAN_POINT('',(-183.934375,-20.300625,3.));
#3824=CARTESIAN_POINT('Origin',(-22.440625,-31.1437646986674,0.));
#3825=CARTESIAN_POINT('',(-22.440625,-31.1437646986674,3.));
#3826=CARTESIAN_POINT('',(-22.440625,-31.1437646986674,0.));
#3827=CARTESIAN_POINT('',(-99.5474037258594,-20.300625,3.));
#3828=CARTESIAN_POINT('Origin',(-22.440625,-110.356875,0.));
#3829=CARTESIAN_POINT('',(-22.440625,-31.1437646986674,3.));
#3830=CARTESIAN_POINT('Origin',(-103.1875,-76.7468883752443,3.));
#3831=UNCERTAINTY_MEASURE_WITH_UNIT(LENGTH_MEASURE(0.01),#3835,
'DISTANCE_ACCURACY_VALUE',
'Maximum model space distance between geometric entities at asserted c
onnectivities');
#3832=UNCERTAINTY_MEASURE_WITH_UNIT(LENGTH_MEASURE(0.01),#3835,
'DISTANCE_ACCURACY_VALUE',
'Maximum model space distance between geometric entities at asserted c
onnectivities');
#3833=(
GEOMETRIC_REPRESENTATION_CONTEXT(3)
GLOBAL_UNCERTAINTY_ASSIGNED_CONTEXT((#3831))
GLOBAL_UNIT_ASSIGNED_CONTEXT((#3835,#3837,#3838))
REPRESENTATION_CONTEXT('','3D')
);
#3834=(
GEOMETRIC_REPRESENTATION_CONTEXT(3)
GLOBAL_UNCERTAINTY_ASSIGNED_CONTEXT((#3832))
GLOBAL_UNIT_ASSIGNED_CONTEXT((#3835,#3837,#3838))
REPRESENTATION_CONTEXT('','3D')
);
#3835=(
LENGTH_UNIT()
NAMED_UNIT(*)
SI_UNIT(.MILLI.,.METRE.)
);
#3836=(
LENGTH_UNIT()
NAMED_UNIT(*)
SI_UNIT($,.METRE.)
);
#3837=(
NAMED_UNIT(*)
PLANE_ANGLE_UNIT()
SI_UNIT($,.RADIAN.)
);
#3838=(
NAMED_UNIT(*)
SI_UNIT($,.STERADIAN.)
SOLID_ANGLE_UNIT()
);
#3839=SHAPE_DEFINITION_REPRESENTATION(#3840,#3841);
#3840=PRODUCT_DEFINITION_SHAPE('',$,#3843);
#3841=SHAPE_REPRESENTATION('',(#2353),#3833);
#3842=PRODUCT_DEFINITION_CONTEXT('part definition',#3847,'design');
#3843=PRODUCT_DEFINITION('2026-08-23-05-17-59-061','merope',#3844,#3842);
#3844=PRODUCT_DEFINITION_FORMATION('',$,#3849);
#3845=PRODUCT_RELATED_PRODUCT_CATEGORY('merope','merope',(#3849));
#3846=APPLICATION_PROTOCOL_DEFINITION('international standard',
'automotive_design',2009,#3847);
#3847=APPLICATION_CONTEXT(
'Core Data for Automotive Mechanical Design Process');
#3848=PRODUCT_CONTEXT('part definition',#3847,'mechanical');
#3849=PRODUCT('2026-08-23-05-17-59-061','merope',$,(#3848));
#3850=PRESENTATION_STYLE_ASSIGNMENT((#3851));
#3851=SURFACE_STYLE_USAGE(.BOTH.,#3852);
#3852=SURFACE_SIDE_STYLE('',(#3853));
#3853=SURFACE_STYLE_FILL_AREA(#3854);
#3854=FILL_AREA_STYLE('Steel - Satin',(#3855));
#3855=FILL_AREA_STYLE_COLOUR('Steel - Satin',#3856);
#3856=COLOUR_RGB('Steel - Satin',0.627450980392157,0.627450980392157,0.627450980392157);
ENDSEC;
END-ISO-10303-21;
